Nr.;Vorname;Nachname;Geburtsdatum;Postleitzahl;Stadt;Telefon;EMail;Registrierung;Geschlecht
1;Tilla;Eder;26.09.2003;17111;Sarow;03994/36857451;teder@xyz.none;14.12.2020;w
2;Roland;Jantzen;08.02.1915;13158;Rosenthal;030/65227097;roland_15@validmail.none;10.06.2020;m
3;Elke;Pollmann;14.09.1909;25764;Hillgroven;04823/78972618;elke.1909@mymail.none;03.12.2019;w
4;Willibald;Reissmann;02.08.1921;97258;Oberickelsheim;;willibald-reissmann@retromail.none;11.08.2019;m
5;Otthold;Duwe;04.12.2004;84168;Aham;08744/34632934;otthold_2004@domain.none;24.08.2019;m
6;Markward;Freyberg;12.05.2000;54578;Berndorf;;markward-freyberg@bestmail.none;04.03.2020;m
7;Wilhelma;Meinhard;09.08.1972;24211;Preetz;04342/94371767;;02.03.2019;w
8;Erlfried;Hornemann;27.10.1934;25764;Hillgroven;04823/35959501;erlfried.1934@justmail.none;09.11.2020;m
9;Burghard;Malik;11.07.1909;24626;Groß Kummerfeld;04328/26810159;b-1909@bestmail.none;17.10.2019;m
10;Alex;Gensler;30.04.2010;24626;Groß Kummerfeld;;alex-gensler@validmail.none;25.08.2019;m
11;Engelbrecht;Nikolic;11.10.1972;24211;Pohnsdorf;04342/87862447;engelbrecht_nikolic@net-mail.none;01.01.2021;m
12;Patrik;Yates;17.01.1946;86637;Wertingen;08272/32600182;p-yates@open-mail.none;10.01.2020;m
13;Isabella;Teipel;28.02.1942;38462;Grafhorst;05364/92894681;i_teipel@net-mail.none;16.08.2020;w
14;Christsolde;Stöver;20.03.1949;38462;Grafhorst;05364/19067108;;11.01.2020;w
15;Edelhard;Mendoza;04.10.2017;13158;Rosenthal;030/61952071;edelhard-mendoza@xyz.none;06.12.2020;m
16;Philipine;Heyden;16.04.1988;67744;Löllbach;06753/68435260;philipine.heyden@net-mail.none;13.11.2019;w
17;Winnimar;Niklas;26.08.1980;17111;Sarow;03994/84490984;winnimarniklas@email.none;07.04.2021;m
18;Lisa;Deininger;25.07.1947;53506;Rech;02643/28741120;lisadeininger@private.none;26.06.2020;w
19;Wolfdieter;Rogall;16.12.1994;24211;Pohnsdorf;04342/84200299;w_rogall@email.none;03.01.2019;m
20;Sigismund;Hammerl;27.11.1983;24626;Groß Kummerfeld;04328/71087072;;28.01.2019;m
21;Waldtraud;Pätzold;08.06.2015;49196;Bad Laer;05424/15726411;wpaetzold@web.none;22.07.2019;w
22;Mariegret;Drechsel;28.07.1944;53506;Rech;02643/55675156;mariegretdrechsel@retromail.none;06.05.2020;w
23;Matthäus;Meiners;13.04.2001;21406;Barnstedt;04134/20361697;m_meiners@validmail.none;23.02.2020;m
24;Oscar;Stutz;21.03.1927;67728;Münchweiler an der Alsenz;06302/77896215;o_27@retromail.none;09.05.2020;m
25;Hanns;Senn;14.02.1989;31555;Suthfeld;05723/29412756;;21.03.2020;m
26;Claus;Rottmann;24.04.1915;38440;Wolfsburg;05361/69651129;claus.rottmann@live-mail.none;02.05.2021;d
27;Lewin;Benedikt;02.06.2011;67744;Löllbach;06753/76637021;lewin.2011@validmail.none;30.01.2021;m
28;Christin;Schunck;05.04.1917;34266;Niestetal;05605/66984583;christin.schunck@open-mail.none;27.08.2020;w
29;Aloys;Much;02.11.1962;34266;Niestetal;05605/14299325;aloys1962@spam-mail.none;16.03.2021;m
30;Gismar;Kampf;28.10.1931;38462;Grafhorst;;g_31@funmail.none;27.03.2020;m
31;Irmingard;Gerloff;03.10.1991;54578;Berndorf;06593/77543534;irmingard1991@anymail.none;20.01.2020;d
32;Volkart;Bohrer;07.11.1940;13158;Rosenthal;030/45285264;volkart1940@xyz.none;28.03.2019;m
33;Wolfhardt;Thornton;23.12.1980;49832;Freren;05902/71711522;wolfhardt-thornton@domain.none;05.09.2020;m
34;Herwarth;Breitenstein;17.05.2003;67586;Hillesheim;;herwarth-breitenstein@web.none;20.07.2019;m
35;Marga;Neis;08.12.1910;13158;Rosenthal;030/21430505;;17.06.2020;w
36;Eginhardt;Sabel;07.03.1942;54578;Berndorf;;eginhardt.sabel@live-mail.none;08.06.2021;m
37;Godo;Sender;11.02.2010;88361;Boms;07581/24720389;;08.08.2020;m
38;Folko;Keppler;28.07.2008;49681;Garrel;04474/84446673;folko_2008@company.none;11.04.2021;d
39;Angelina;Steuber;04.09.1945;38440;Wolfsburg;05361/95244729;;03.11.2019;w
40;Philine;Vogler;23.02.1928;49196;Bad Laer;05424/59316176;p-vogler@kitty.none;26.10.2020;w
41;Lion;Fauser;05.03.1985;67586;Hillesheim;;lion-fauser@web.none;08.06.2021;m
42;Annedörte;Michalak;18.09.1937;54636;Ehlenz;06561/86280021;annedoerte_michalak@validmail.none;24.06.2021;w
43;Boto;Lais;23.01.1909;17111;Sarow;03994/44061653;b.lais@net-mail.none;09.04.2020;m
44;Ortmund;Haucke;10.10.1970;13158;Rosenthal;030/59883677;o.haucke@justmail.none;27.12.2020;m
45;Daphne;Flender;28.05.1966;45476;Mülheim an der Ruhr;;daphneflender@ultramail.none;30.06.2020;w
46;Tankred;Czech;13.03.1921;84168;Aham;08744/93794425;tankred.czech@justmail.none;20.03.2019;m
47;Lioba;Blake;13.06.1937;25926;Karlum;04662/72441857;lioba_blake@ultramail.none;20.02.2020;w
48;Gernulf;Hufnagel;17.01.1913;49832;Freren;05902/31984337;gernulfhufnagel@xyz.none;31.07.2019;m
49;Caren;Wüllner;10.08.2006;50735;Köln;0221/30165806;c-wuellner@net-mail.none;29.04.2019;d
50;Gunda;Wünsch;07.03.1929;17111;Sarow;03994/47431495;gunda_wuensch@validmail.none;17.06.2019;w
51;Jonah;Mann;03.06.1940;49681;Garrel;;jonahmann@retromail.none;28.10.2019;m
52;Sara;Jung;29.10.1978;72294;Grömbach;07453/22006231;sara.jung@validmail.none;20.03.2020;w
53;Charlotte;Stempel;17.06.1958;67728;Münchweiler an der Alsenz;06302/43855131;charlotte.58@quickmail.none;03.12.2020;w
54;Reginhardt;Schirmacher;13.10.1925;33739;Bielefeld;0521/91046339;;04.01.2021;m
55;Luke;Szameitat;14.08.1965;82031;Grünwald;089/75718640;l_1965@trashmail.none;03.03.2021;d
56;Utz;Lammel;14.06.1994;67728;Münchweiler an der Alsenz;06302/97206023;utz_1994@company.none;04.02.2020;m
57;Otbert;Speier;05.08.1963;49196;Bad Laer;05424/1103325;otbert_speier@kitty.none;02.03.2019;m
58;Julian;Knobloch;31.07.1985;24211;Pohnsdorf;;julian.knobloch@goggle-mail.none;09.03.2021;d
59;Nic;Thieme;10.03.1945;38462;Grafhorst;05364/58287075;n45@xyz.none;02.08.2020;m
60;Margrid;Schiek;10.08.1941;49681;Garrel;04474/62312288;margridschiek@anymail.none;30.12.2019;w
61;Innozenz;Radmacher;08.10.1918;54636;Ehlenz;;i-radmacher@web.none;15.05.2020;d
62;Andre;Lack;29.11.1910;74243;Langenbrettach;07139/32857897;andrelack@live-mail.none;09.10.2020;m
63;Luisa;Hautmann;28.02.1946;67744;Löllbach;06753/72317759;;17.09.2019;w
64;Christoph;Stockhausen;08.01.1980;24626;Groß Kummerfeld;04328/88425397;christophstockhausen@ultramail.none;18.03.2019;m
65;Annedorle;Rosa;09.04.1903;54636;Ehlenz;06561/17529896;annedorle.rosa@retromail.none;28.05.2020;d
66;Dustin;Pfefferle;25.02.1985;24211;Pohnsdorf;04342/82522408;dustinpfefferle@retromail.none;17.07.2019;m
67;Arntraud;Ide;21.02.1964;72294;Grömbach;07453/82242007;arntraud_ide@bestmail.none;05.01.2019;w
68;Hedy;Lerch;30.10.1931;74243;Langenbrettach;;;14.04.2019;w
69;Borromäus;Klapper;04.11.1951;67586;Hillesheim;06733/61886180;borromaeus.klapper@justmail.none;15.11.2020;m
70;Theodore;Alvarado;19.05.1986;72411;Bodelshausen;07471/65536613;t_alvarado@inter-mail.none;05.03.2021;w
71;Harry;Tittel;28.01.1905;34266;Niestetal;05605/59216296;harrytittel@justmail.none;21.11.2020;d
72;Lyn;Lopez;01.01.1935;49832;Freren;05902/96969271;lyn.lopez@spam-mail.none;11.01.2020;w
73;Annerose;Arlt;25.05.1909;21521;Wohltorf;04104/9093824;annerose-arlt@inter-mail.none;18.10.2020;w
74;Frederic;Rieg;11.05.2017;21521;Wohltorf;04104/4808818;frieg@kitty.none;04.03.2021;m
75;Milena;Jähn;05.10.2014;67586;Hillesheim;06733/1202702;milena-jaehn@company.none;28.03.2021;w
76;Friedmar;Ahmed;17.11.1941;25764;Hillgroven;04823/55103243;;09.06.2020;m
77;Dankward;Steinhausen;27.05.1926;34266;Niestetal;05605/30247171;dankward-steinhausen@net-mail.none;04.10.2020;m
78;Caja;Grüneberg;25.06.1942;84367;Zeilarn;;caja42@net-mail.none;24.08.2019;w
79;Willi;Gerkens;19.11.2009;73265;Dettingen unter Teck;07021/37504304;;20.01.2020;m
80;Wilhelmine;Landau;06.11.1974;88361;Boms;07581/97487371;wilhelmine-landau@mymail.none;18.04.2020;w
81;Michelle;Giesa;18.06.1971;85622;Feldkirchen;089/91946516;michelle-giesa@funmail.none;05.12.2020;w
82;Helgert;Stevens;26.03.1945;38462;Grafhorst;05364/74032660;h_stevens@anymail.none;24.03.2021;m
83;Friedberg;Fontaine;09.07.1959;49196;Bad Laer;;f1959@email.none;28.03.2020;m
84;Josua;Gödeke;28.10.1907;25926;Karlum;;josuagoedeke@justmail.none;08.03.2021;m
85;Gretlies;Heidler;17.03.1952;85622;Feldkirchen;;gretliesheidler@private.none;23.09.2019;w
86;Linde;Seelig;09.06.1943;21406;Barnstedt;04134/25601375;;05.01.2020;w
87;Kaja;Reining;11.09.1923;85622;Feldkirchen;089/45362461;kajareining@open-mail.none;21.04.2021;w
88;Volkhardt;Borchert;02.08.1914;67586;Hillesheim;06733/1073504;volkhardt.borchert@ultramail.none;13.12.2019;m
89;Ulwin;Stürmer;10.10.1918;88361;Boms;07581/11923789;ulwin.18@kitty.none;07.04.2021;m
90;Katherina;Hagl;18.07.2006;97258;Oberickelsheim;09842/87414577;katherina_hagl@validmail.none;01.04.2020;w
91;Sigishelm;Göttert;22.03.1945;34266;Niestetal;;s.goettert@trashmail.none;31.08.2020;m
92;Berngard;Steffan;16.11.1968;72294;Grömbach;07453/36489425;b-1968@live-mail.none;30.09.2019;w
93;Sieghard;Manns;25.08.1993;38462;Grafhorst;05364/87067084;;02.07.2020;m
94;Bernhardin;Gieseler;15.08.1940;45476;Mülheim an der Ruhr;0208/16135294;bernhardingieseler@goggle-mail.none;20.08.2020;d
95;Herzlinde;Sandoval;29.02.1984;84367;Zeilarn;08572/41424644;herzlindesandoval@anymail.none;04.07.2020;d
96;Clara;Wernicke;16.01.2015;21521;Wohltorf;;cwernicke@email.none;30.10.2019;w
97;Leberecht;Eich;25.04.1948;49832;Freren;05902/91145375;leberecht.eich@net-mail.none;09.03.2021;m
98;Victoria;Kunst;17.11.1965;67586;Hillesheim;06733/42899909;v65@hoster.none;22.11.2019;w
99;Wolfhelm;Romberg;22.09.1934;84168;Aham;08744/57515718;wolfhelmromberg@mymail.none;30.09.2020;m
100;Frohlinde;Wunderlich;30.05.1998;97258;Oberickelsheim;09842/42410379;frohlinde_98@web.none;13.04.2019;d
101;Joerg;Platz;08.08.1905;84168;Aham;;j_platz@web.none;06.03.2021;m
102;Conrad;Lentz;12.08.1956;50735;Köln;0221/45387823;conrad-lentz@kitty.none;18.10.2019;m
103;Paulfried;Yavuz;13.10.1995;25926;Karlum;;;20.05.2020;m
104;Ingfried;Karp;11.04.1909;38462;Grafhorst;05364/71775726;i.09@open-mail.none;01.01.2020;m
105;Evelore;Dirr;16.10.1973;49832;Freren;05902/66198439;evelore-dirr@inter-mail.none;13.10.2020;w
106;Hieronimus;Mück;21.08.1936;49681;Garrel;;hieronimusmueck@ultramail.none;04.11.2020;m
107;Gerwin;Bechmann;07.07.1904;72411;Bodelshausen;;g-04@open-mail.none;03.09.2020;m
108;Karlgeorg;Hapke;09.10.2018;33739;Bielefeld;0521/89823977;karlgeorg-hapke@bestmail.none;09.09.2020;m
109;Cedric;Geibel;09.09.1918;49681;Garrel;04474/12970463;cgeibel@anymail.none;04.05.2021;m
110;Dietgar;Schlicker;28.11.2002;34266;Niestetal;05605/79039524;dietgar.schlicker@net-mail.none;27.08.2019;m
111;Dagobert;Keitel;09.01.2007;55471;Reich;06761/3066428;d.keitel@live-mail.none;06.02.2019;m
112;Diane;Weingartner;11.04.1971;97258;Oberickelsheim;09842/61958173;dianeweingartner@private.none;09.12.2020;w
113;Welfhard;Schwenger;16.05.2011;25926;Karlum;04662/10076624;welfhard-2011@domain.none;22.06.2020;m
114;Meinulf;Lunz;10.12.1914;49681;Garrel;04474/95542662;meinulf_lunz@domain.none;11.10.2019;m
115;Ehrhard;Deutschmann;29.11.1920;38462;Grafhorst;;ehrhard1920@live-mail.none;01.02.2020;m
116;Hansgünther;Hens;24.03.2008;38440;Wolfsburg;05361/22849791;hansguenther-hens@company.none;29.04.2019;m
117;Jonas;Wrobel;29.08.1944;88361;Boms;07581/21326580;jonas.wrobel@bestmail.none;10.11.2020;m
118;Ingolde;Häckel;29.04.2007;54636;Ehlenz;06561/29209963;ingolde.haeckel@open-mail.none;08.02.2020;w
119;Roswita;Wöhrmann;27.06.1931;13158;Rosenthal;030/79703647;rwoehrmann@web.none;30.09.2019;w
120;Sophia;Graber;22.01.1927;38729;Hahausen;05383/93611288;sophia-graber@net-mail.none;07.05.2020;w
121;Annalene;Leske;11.02.1961;25926;Karlum;04662/5510966;annalene.leske@company.none;15.01.2021;w
122;Dietolf;Kohn;04.10.1962;21521;Wohltorf;;;17.03.2020;m
123;Klaudia;Zirngibl;08.02.1905;21406;Barnstedt;04134/85513742;klaudia-1905@justmail.none;02.01.2020;d
124;Giselbert;Niebel;27.10.2011;13158;Rosenthal;030/18452961;giselbert_niebel@open-mail.none;02.09.2020;m
125;Ilsegret;Zanger;20.07.1994;72294;Grömbach;07453/53709402;ilsegret-zanger@net-mail.none;07.02.2020;w
126;Sonnhild;Leske;22.07.1910;25926;Karlum;04662/22005141;sonnhild-leske@inter-mail.none;26.08.2019;w
127;Seibold;Heimann;13.11.1905;24975;Hürup;04634/5349178;seibold_heimann@anymail.none;23.04.2020;d
128;Ferdi;Reischl;15.07.1917;49196;Bad Laer;05424/6947475;f_reischl@private.none;07.08.2019;m
129;Tiberius;Stickel;15.04.1918;17111;Sarow;03994/9259634;tiberiusstickel@justmail.none;24.06.2020;m
130;Ignatia;Elter;29.05.1910;54636;Ehlenz;06561/58143731;i-elter@domain.none;02.07.2020;d
131;Hansludwig;Dörries;09.08.2003;24975;Hürup;;h.doerries@trashmail.none;12.11.2020;m
132;Martha;Klopp;01.12.1971;49832;Freren;05902/58066095;m-71@mymail.none;25.08.2019;w
133;Elselotte;Gröning;22.11.2017;97258;Oberickelsheim;09842/79313882;elselottegroening@ultramail.none;09.04.2020;w
134;Andrea;Düren;11.09.1906;38462;Grafhorst;05364/21357203;;12.06.2019;w
135;Lana;Gellert;16.06.1935;24211;Pohnsdorf;04342/42406049;;07.07.2019;w
136;Kimberly;Lindinger;16.04.1955;49832;Freren;;kimberly.lindinger@open-mail.none;17.06.2021;w
137;Erlwine;Kugler;30.01.1905;50735;Köln;0221/89488856;;25.05.2019;w
138;Wilgard;Iwan;19.08.1910;53506;Rech;02643/64382884;wilgard_iwan@open-mail.none;03.10.2019;w
139;Jupp;Wiedmann;06.11.1950;49832;Freren;05902/75720561;;17.12.2019;m
140;Gelbert;Aderhold;03.05.1918;21406;Barnstedt;04134/97752322;gaderhold@company.none;18.02.2020;m
141;Meinfriede;Wichert;01.07.1967;74243;Langenbrettach;07139/65769155;meinfriede.wichert@bestmail.none;27.02.2021;d
142;Gotthold;Feige;04.06.1904;72411;Bodelshausen;07471/95419020;;11.01.2019;m
143;Connor;Mehnert;06.07.2007;38462;Grafhorst;05364/7694942;connor07@trashmail.none;18.09.2019;m
144;Gregor;Weidner;04.09.1923;33739;Bielefeld;;gregor-weidner@goggle-mail.none;11.08.2020;m
145;Evelyn;Buttgereit;02.11.1977;21406;Barnstedt;04134/87048892;e-buttgereit@web.none;10.05.2020;w
146;Otger;Alsleben;05.11.1971;84168;Aham;08744/41000332;;17.06.2021;m
147;Meinard;Dau;29.11.1920;24626;Groß Kummerfeld;04328/141328;meinarddau@trashmail.none;06.03.2021;m
148;Liebhardt;Zeising;08.04.1997;55471;Reich;06761/19932722;liebhardt.zeising@company.none;20.07.2020;m
149;Josepha;Rhodes;17.06.1909;13158;Rosenthal;030/2701822;josepha-1909@funmail.none;15.09.2019;w
150;Mike;Siedler;05.09.1906;67744;Löllbach;06753/79808713;;08.06.2019;m
151;Sybil;Weßling;09.11.1946;67744;Löllbach;06753/51339764;sybil_wessling@xyz.none;10.07.2019;d
152;Isa;Sütterlin;04.09.1946;38462;Grafhorst;05364/43338622;isa-suetterlin@kitty.none;27.12.2020;w
153;Gusti;Oppel;22.07.2014;38462;Grafhorst;05364/50468116;;29.05.2021;w
154;Waldtraut;Menk;18.08.1916;74243;Langenbrettach;;w-1916@open-mail.none;17.09.2020;w
155;Otti;Negele;01.06.1938;21521;Wohltorf;;otti-38@web.none;04.04.2019;w
156;Curd;Küsters;21.03.1945;53506;Rech;02643/41057389;;21.11.2020;m
157;Udo;Adamietz;05.02.1967;97258;Oberickelsheim;09842/68355825;udoadamietz@email.none;01.07.2019;m
158;Harda;Hüttinger;07.01.1913;25926;Karlum;04662/14698892;harda-13@xyz.none;16.05.2020;w
159;Lona;Sperling;08.12.1930;54636;Ehlenz;;lona-30@spam-mail.none;10.06.2020;d
160;Wennemar;Dahlhaus;01.05.1997;53506;Rech;02643/34361843;wennemar.dahlhaus@quickmail.none;26.05.2019;m
161;Aloys;Ohms;11.04.1916;34266;Niestetal;05605/91255874;aloys1916@retromail.none;13.09.2019;m
162;Timm;Hoffmeyer;29.06.1966;86637;Wertingen;08272/44558728;timm-hoffmeyer@private.none;13.11.2020;m
163;Gerolf;Altendorf;07.03.2003;45476;Mülheim an der Ruhr;0208/29914909;;20.04.2019;m
164;Delf;Lüpke;01.10.1957;25792;Neuenkirchen;;d.luepke@kitty.none;18.09.2020;m
165;Jolanta;Wambach;27.09.1986;72294;Grömbach;07453/38747719;jolanta.wambach@trashmail.none;20.02.2019;w
166;Eik;Kiehn;24.02.1948;25926;Karlum;04662/9060131;;27.11.2020;m
167;Hanna;Steinle;15.08.1911;49832;Freren;05902/6058778;h-steinle@mymail.none;08.08.2020;d
168;Herlind;Fiala;02.03.2012;72294;Grömbach;07453/84324351;herlindfiala@hoster.none;26.05.2019;w
169;Horstmar;Baldauf;26.10.1913;21406;Barnstedt;04134/95891553;horstmar-1913@domain.none;09.04.2019;m
170;Dietmute;Jörger;13.06.1942;38462;Grafhorst;05364/86481603;dietmute-joerger@validmail.none;16.10.2019;w
171;Sigmund;Neal;30.01.1923;67586;Hillesheim;06733/67878556;sigmund_23@email.none;01.01.2020;m
172;Justin;Beyerlein;21.08.1913;84168;Aham;08744/86520315;justinbeyerlein@ultramail.none;19.07.2019;m
173;Hoimar;Giel;06.05.1910;13158;Rosenthal;030/99920398;;04.09.2019;m
174;Margareth;Kraut;05.01.1943;54578;Berndorf;06593/70906017;m.kraut@open-mail.none;12.01.2019;w
175;Felizia;Bräunig;23.09.2001;73265;Dettingen unter Teck;07021/99801728;fbraeunig@retromail.none;15.05.2021;w
176;Krista;Lauterbach;10.07.1985;54578;Berndorf;;krista.lauterbach@anymail.none;24.07.2019;w
177;Inge;Elbers;25.12.1905;97258;Oberickelsheim;09842/24500018;inge.elbers@xyz.none;31.10.2019;w
178;Harro;Vetter;09.01.1905;84168;Aham;08744/98720812;harrovetter@net-mail.none;02.05.2020;m
179;Sindy;Pflieger;28.06.1916;49832;Freren;05902/50969025;;15.06.2019;w
180;Sigenot;Herth;07.07.2017;38462;Grafhorst;05364/28999171;sigenot_herth@anymail.none;16.04.2019;m
181;Rosely;Adolph;02.02.1934;74243;Langenbrettach;07139/33436947;rosely.adolph@kitty.none;19.01.2021;w
182;Annetraude;Roberts;21.09.2009;25764;Hillgroven;04823/61076759;a_roberts@justmail.none;08.04.2019;d
183;Cordelia;Aurich;20.05.1983;67744;Löllbach;06753/729750;c_aurich@net-mail.none;04.02.2020;w
184;Helena;Ade;28.01.1985;38462;Grafhorst;05364/88037259;h.85@goggle-mail.none;08.07.2020;w
185;Warnfried;Feuchter;12.06.1932;72294;Grömbach;;warnfriedfeuchter@net-mail.none;04.02.2020;m
186;Wulfhardt;Wittrock;22.12.1994;21521;Wohltorf;04104/16387573;wulfhardt-wittrock@xyz.none;05.10.2019;m
187;Tilla;Zeitz;12.02.1974;25792;Neuenkirchen;04837/63506439;t-zeitz@web.none;09.03.2021;w
188;Vincent;Neeb;24.06.1916;67744;Löllbach;;vincent.neeb@bestmail.none;30.03.2019;m
189;Muhammed;Riegger;02.06.1945;25764;Hillgroven;;muhammed-riegger@email.none;02.05.2020;m
190;Martin;Stokes;03.08.1936;85622;Feldkirchen;;martin.stokes@company.none;20.07.2020;m
191;Aloys;Bechtel;12.09.2015;49196;Bad Laer;;aloys.bechtel@hoster.none;16.03.2019;m
192;Wolff;Hausdorf;16.06.1972;82031;Grünwald;089/15356194;wolffhausdorf@net-mail.none;23.03.2019;m
193;Florine;Jürgensen;12.02.1922;21406;Barnstedt;04134/54118588;florine-juergensen@web.none;06.08.2019;w
194;Anthony;Bölling;22.01.1932;72294;Grömbach;07453/43651512;a_boelling@email.none;31.05.2019;m
195;Katharina;Heimann;02.10.1971;99428;Weimar;03643/48834484;k.1971@mymail.none;13.07.2020;w
196;Diethild;Locher;04.10.1996;13158;Rosenthal;030/24587089;diethild_locher@goggle-mail.none;20.12.2020;w
197;Paulfried;Bilz;27.01.1950;33739;Bielefeld;0521/65345946;p-bilz@trashmail.none;23.09.2020;d
198;Juliana;Riedl;08.01.1964;24626;Groß Kummerfeld;04328/59546119;;03.06.2020;w
199;Cordt;Grasse;20.08.1986;49196;Bad Laer;05424/193385;;05.11.2019;m
200;Dominik;Falck;29.09.1914;13158;Rosenthal;030/51740566;dominikfalck@domain.none;05.12.2020;m
201;Ingelore;Zoll;12.11.1937;24211;Pohnsdorf;04342/21557252;;28.02.2020;w
202;Frederik;Elflein;16.01.1977;49196;Bad Laer;05424/15346792;felflein@inter-mail.none;22.06.2020;m
203;Heinolf;Stütz;25.08.1928;72411;Bodelshausen;07471/2689693;h-stuetz@private.none;12.05.2021;m
204;Marbod;Colak;18.06.1970;24975;Hürup;;m.colak@validmail.none;24.11.2020;d
205;Meinard;Mauermann;12.04.1975;25764;Hillgroven;04823/96361881;meinard1975@retromail.none;16.08.2020;m
206;Hansjörg;Kissel;14.02.1908;82031;Grünwald;089/31258387;h.kissel@company.none;05.11.2019;d
207;Heidegard;Reul;27.12.1954;85622;Feldkirchen;;;10.06.2020;w
208;Reingard;Bernhard;11.10.1909;38440;Wolfsburg;05361/51345616;reingardbernhard@private.none;27.09.2020;w
209;Jeanett;Kandziora;27.07.2020;97258;Oberickelsheim;;jeanett20@email.none;08.05.2021;d
210;Rosi;Mendel;09.06.1954;72294;Grömbach;07453/80181476;;18.03.2019;w
211;Dora;Brooks;21.03.1993;53506;Rech;02643/70474817;;27.05.2021;w
212;Wilhelmine;Karl;16.06.1973;88361;Boms;07581/78429284;wilhelmine.73@quickmail.none;28.08.2019;w
213;Gerthold;Schwer;25.02.2001;24626;Groß Kummerfeld;04328/90258432;;21.06.2019;m
214;Mario;Leber;06.05.1920;38729;Hahausen;05383/22919384;m.leber@ultramail.none;17.06.2021;m
215;Giselher;Ruder;04.03.1911;84367;Zeilarn;08572/6876106;giselher.ruder@private.none;04.06.2020;m
216;Hertha;Kammel;16.10.1913;54578;Berndorf;;h.kammel@justmail.none;19.10.2020;w
217;Eckfried;Beneke;16.10.1962;67586;Hillesheim;06733/453276;;23.07.2020;d
218;Rosa;Macke;23.11.1956;13158;Rosenthal;030/94332174;r.macke@inter-mail.none;04.05.2021;w
219;Werngard;Nötzold;02.04.1929;21521;Wohltorf;04104/33146206;werngard.noetzold@ultramail.none;01.01.2019;w
220;Dietz;Finken;12.09.1902;38462;Grafhorst;;dietz.1902@retromail.none;26.11.2020;d
221;Gunhild;Eschrich;13.06.1982;67586;Hillesheim;06733/36698324;gunhild.eschrich@web.none;29.07.2020;w
222;Seibold;Scholtz;11.02.1991;55471;Reich;06761/30286111;seibold_scholtz@ultramail.none;01.09.2020;m
223;Nils;Ecke;06.10.1977;21521;Wohltorf;04104/62653033;nils_77@private.none;07.10.2019;d
224;Kläre;Page;16.07.1949;67744;Löllbach;06753/8600256;k-page@net-mail.none;13.07.2020;w
225;Lona;Kelling;22.07.1970;84168;Aham;08744/74145021;lona_kelling@domain.none;27.05.2021;w
226;Waldtraut;Rittmann;17.10.1943;49832;Freren;05902/13363204;waldtraut-1943@bestmail.none;06.02.2020;w
227;Christiane;Hoppe;09.01.1953;67728;Münchweiler an der Alsenz;06302/23686513;christiane.hoppe@inter-mail.none;18.05.2021;w
228;Clementine;Mix;02.10.1995;72294;Grömbach;07453/8644116;;15.07.2019;w
229;Volkhardt;Mayer;30.11.1947;13158;Rosenthal;;;19.12.2019;m
230;Muthild;Aksu;07.10.1939;73265;Dettingen unter Teck;07021/63337270;muthildaksu@kitty.none;09.07.2019;w
231;Rimbert;Wölfel;23.09.1947;25926;Karlum;04662/61871356;rimbert.1947@domain.none;01.09.2019;m
232;Susette;Bowen;28.10.1974;86637;Wertingen;08272/51237872;;25.08.2019;w
233;Germo;Crone;05.10.1978;21406;Barnstedt;04134/29633819;;17.09.2020;m
234;Pankratius;Friedlein;15.04.1999;13158;Rosenthal;;;02.05.2021;m
235;Jannes;Goebel;21.08.1985;25926;Karlum;04662/91423004;jannes-goebel@live-mail.none;13.05.2021;m
236;Wiegand;Sieber;29.03.1919;50735;Köln;0221/64264333;wiegand_sieber@kitty.none;14.02.2021;m
237;Hieronymus;Deppe;18.04.1923;72294;Grömbach;07453/5314419;hieronymus_deppe@justmail.none;18.04.2020;m
238;Ehrenfried;Pfaff;30.06.1974;85622;Feldkirchen;089/41608654;ehrenfried.1974@kitty.none;06.10.2019;m
239;Caja;McCoy;25.04.1913;54578;Berndorf;;c.mccoy@ultramail.none;26.12.2020;w
240;Ursula;Bayram;27.07.1909;84168;Aham;08744/77580828;;23.02.2019;w
241;Friedolin;Riedel;26.04.2016;21406;Barnstedt;04134/22169410;friedolin.riedel@bestmail.none;28.01.2019;m
242;Caren;Meis;23.01.2018;17111;Sarow;03994/12930595;caren.meis@hoster.none;02.06.2019;w
243;Pankraz;Lessing;06.11.1972;72411;Bodelshausen;07471/77384159;plessing@bestmail.none;20.03.2021;m
244;Konrad;Roland;15.07.1974;84168;Aham;08744/64225039;konrad-roland@anymail.none;14.06.2019;m
245;Brandolf;Garz;01.08.1939;67744;Löllbach;;bgarz@private.none;03.06.2020;m
246;Waltraut;Heiß;27.08.1978;84168;Aham;;waltraut.heiss@email.none;16.06.2020;w
247;Joachim;Sander;15.01.1992;25926;Karlum;;joachimsander@open-mail.none;18.09.2019;m
248;Christhild;Rix;26.04.1983;82031;Grünwald;;christhild-rix@open-mail.none;17.03.2019;w
249;Frieda;Nieder;25.04.2004;67586;Hillesheim;06733/34400442;frieda-nieder@net-mail.none;23.06.2021;w
250;Gundhild;Ulmer;26.09.1910;74243;Langenbrettach;07139/48574941;gundhild.ulmer@hoster.none;12.10.2020;w
251;Rudolf;Neeb;26.01.1994;38729;Hahausen;05383/35518338;rudolf.neeb@mymail.none;08.12.2020;m
252;Engelhard;Welge;07.10.2003;55471;Reich;06761/19785863;engelhard_welge@ultramail.none;09.06.2021;m
253;Sylvia;Stoye;16.04.1966;54578;Berndorf;06593/66991055;sylvia_stoye@company.none;08.04.2019;w
254;Eitelbert;Kaster;11.12.1957;54636;Ehlenz;;eitelbert-kaster@trashmail.none;15.02.2019;m
255;Kaya;Weiss;23.01.1982;72294;Grömbach;07453/81414013;kweiss@anymail.none;25.08.2019;w
256;Guntmar;Genzel;07.10.1924;53506;Rech;02643/97237012;;07.05.2020;m
257;Effi;Raible;25.11.1985;13158;Rosenthal;030/28023862;effi-raible@email.none;12.05.2019;w
258;Claudius;Schübel;22.02.1942;49681;Garrel;04474/29673111;claudiusschuebel@hoster.none;08.01.2020;m
259;Ronald;Nick;17.01.1975;24626;Groß Kummerfeld;04328/3864606;ronald.nick@retromail.none;28.03.2021;m
260;Jeremy;Schaber;03.10.1959;97258;Oberickelsheim;09842/4493169;jeremy-59@open-mail.none;28.05.2019;m
261;Lars;Brocke;19.06.1963;55471;Reich;06761/90052644;lars-brocke@xyz.none;22.11.2019;m
262;Curd;Piper;26.08.1992;67744;Löllbach;06753/43084287;curd-92@validmail.none;12.04.2021;m
263;Günter;Schölzel;11.03.1970;45476;Mülheim an der Ruhr;0208/85518845;guenter.schoelzel@mymail.none;31.05.2019;m
264;Schorsch;Poll;24.05.1954;24626;Groß Kummerfeld;04328/20370408;schorsch.54@anymail.none;01.03.2020;m
265;Kathrin;Hockney;01.03.1906;24211;Preetz;04342/42794844;kathrinhockney@email.none;21.01.2019;w
266;Swenja;Surmann;16.06.1941;84367;Zeilarn;08572/95334279;swenja-surmann@open-mail.none;15.02.2021;w
267;Klaudius;Weinrich;31.08.2020;25926;Karlum;04662/31084529;;28.01.2019;m
268;Arndt;Dötsch;26.06.1912;55471;Reich;06761/65137429;adoetsch@goggle-mail.none;22.01.2019;m
269;Steffie;Ehmer;26.12.1986;24975;Hürup;;s_ehmer@domain.none;27.10.2019;w
270;Ellengard;Leppin;06.04.1958;25926;Karlum;;ellengard_leppin@xyz.none;09.09.2020;w
271;Hermfried;Lohmann;08.09.1920;49196;Bad Laer;05424/43943222;hermfriedlohmann@live-mail.none;18.12.2019;m
272;Jörn;Patt;10.07.1908;25764;Hillgroven;04823/10537591;joernpatt@inter-mail.none;10.06.2020;m
273;Minna;Klare;02.08.1904;33739;Bielefeld;0521/70934490;m-klare@trashmail.none;13.10.2020;d
274;Margarete;Ried;07.10.1958;84367;Zeilarn;08572/83514597;m_58@net-mail.none;01.07.2020;w
275;Anouschka;Hotz;25.01.1983;21521;Wohltorf;04104/38602016;anouschka-hotz@domain.none;25.03.2020;w
276;Hetty;Meinhard;04.08.1903;49681;Garrel;04474/41465897;hetty-meinhard@xyz.none;09.05.2020;w
277;Joerg;Galla;07.08.1978;25764;Hillgroven;04823/95249078;joerg.galla@private.none;17.06.2020;m
278;Winnimar;Atelco;11.10.1904;25764;Hillgroven;04823/24455041;w-atelco@company.none;19.12.2020;m
279;Heini;Hofstetter;19.01.1904;24211;Pohnsdorf;04342/6024933;h.hofstetter@quickmail.none;15.03.2020;d
280;Viola;Brigitte;18.11.2015;67586;Hillesheim;06733/82520864;viola.brigitte@company.none;09.06.2020;w
281;Ilse;Schöniger;30.03.2017;84367;Zeilarn;;ilse.17@xyz.none;11.10.2020;d
282;Nico;Tissen;09.01.1939;13158;Rosenthal;030/48269923;;24.10.2020;m
283;Fabian;Beckert;03.01.1945;33739;Bielefeld;0521/45513197;f-beckert@domain.none;07.09.2019;m
284;Baptist;Bergler;30.04.1964;72411;Bodelshausen;07471/78016475;b-bergler@private.none;17.10.2019;m
285;Amalia;Lüttge;20.09.1909;84367;Zeilarn;08572/70620082;;15.05.2020;w
286;Gertmund;Kansy;01.05.1944;21521;Wohltorf;04104/27338358;gertmund_kansy@web.none;24.01.2019;m
287;René;Speck;28.09.1951;21406;Barnstedt;04134/96778003;;28.05.2021;m
288;Gerburg;Gaab;09.12.1905;34266;Niestetal;05605/44298738;ggaab@mymail.none;02.05.2019;w
289;Waldburga;Griffith;02.02.1996;33739;Bielefeld;0521/28175624;waldburga-96@bestmail.none;05.03.2020;w
290;Ulvi;Falk;23.09.1972;67744;Löllbach;06753/47218371;u_falk@company.none;11.01.2021;m
291;Egon;Hummel;29.06.1999;38462;Grafhorst;05364/83761512;egon_hummel@net-mail.none;28.04.2021;m
292;Gertraut;Mattheis;17.09.1976;88361;Boms;07581/53626049;gertraut.mattheis@net-mail.none;23.06.2021;w
293;Herald;Weser;28.09.1943;34266;Niestetal;;h.weser@justmail.none;01.10.2019;m
294;Dankward;Sharp;28.08.1938;25926;Karlum;04662/90562387;d-sharp@funmail.none;08.06.2021;m
295;Dorchen;Sontheimer;22.09.1935;25926;Karlum;04662/68173965;;18.06.2019;d
296;Louis;Michalke;04.01.1928;17111;Sarow;03994/32271489;;08.04.2021;m
297;Gerd;Hausdorf;16.02.1904;25926;Karlum;;gerd-hausdorf@hoster.none;28.06.2020;m
298;Ehrenfried;Kirstein;15.02.1938;54636;Ehlenz;06561/45583375;ehrenfried-kirstein@company.none;04.08.2020;m
299;Mirja;Farmer;05.09.2019;53506;Rech;;mirja2019@mymail.none;01.12.2020;w
300;Meinhart;Reus;06.04.1980;33739;Bielefeld;;;21.07.2020;d
301;Freimund;Rainer;05.02.2003;72411;Bodelshausen;;freimundrainer@ultramail.none;24.04.2021;m
302;Volkher;Kneifel;08.08.1942;17111;Sarow;03994/39168991;volkher_kneifel@mymail.none;02.05.2019;m
303;Ilsefriede;Wrede;12.09.2007;88361;Boms;07581/97932296;iwrede@trashmail.none;12.07.2020;w
304;Hadumod;Kruck;25.06.2010;86637;Wertingen;08272/88553557;hkruck@spam-mail.none;08.07.2019;w
305;Kathrin;Hartinger;30.10.2011;84168;Aham;08744/36122412;k_11@inter-mail.none;05.10.2020;d
306;Dinah;Saur;05.04.2007;67744;Löllbach;;dinah-saur@funmail.none;05.01.2021;w
307;Holmer;Wunderlich;29.12.1978;25926;Karlum;04662/30427144;h78@anymail.none;31.07.2020;m
308;Hubertina;Bader;15.07.1936;49196;Bad Laer;05424/42229855;hubertina-bader@mymail.none;02.02.2019;w
309;Valerie;Ochsen;19.11.2013;24975;Hürup;04634/94957494;;22.12.2019;w
310;Annabell;Reuß;22.12.1917;67728;Münchweiler an der Alsenz;06302/7619698;annabell.reuss@kitty.none;06.08.2020;w
311;Leopold;Morath;30.03.1968;84168;Aham;08744/94109873;leopold.morath@justmail.none;21.06.2020;m
312;Irmgardt;Geister;06.01.1971;49681;Garrel;04474/85192006;irmgardt1971@funmail.none;16.05.2021;w
313;Steffi;Pätzold;03.04.2007;55471;Reich;06761/29549120;spaetzold@mymail.none;02.01.2020;w
314;Fridolin;Blase;26.06.1915;55469;Rayerschied;06761/5112401;f_blase@validmail.none;04.08.2020;m
315;Alf;Lippert;14.04.1942;67744;Löllbach;;alf.lippert@email.none;22.05.2020;m
316;Meik;Bohner;15.03.1912;25764;Hillgroven;04823/53755549;;16.01.2021;m
317;Maya;Wand;21.07.1908;38462;Grafhorst;05364/11612904;maya_wand@bestmail.none;06.06.2021;w
318;Hildegund;Weiß;05.07.1928;72294;Grömbach;;hildegund-28@xyz.none;27.05.2019;w
319;Frieda;Früh;24.05.2000;55469;Rayerschied;;frieda.frueh@email.none;21.07.2019;d
320;Rilana;Flegel;09.10.1907;72411;Bodelshausen;;rilana-flegel@domain.none;07.08.2020;w
321;Hannelene;Bracke;06.06.1918;49832;Freren;05902/36408048;;24.01.2020;w
322;Edelbert;Sigg;14.11.1920;21521;Wohltorf;04104/77906477;edelbertsigg@live-mail.none;30.07.2020;m
323;Clementine;Wienand;25.11.1954;49832;Freren;05902/48288252;clementine_wienand@mymail.none;10.09.2020;w
324;Volkher;Cain;16.07.2004;25764;Hillgroven;;volkher-cain@quickmail.none;24.03.2019;m
325;Riccardo;Preuss;25.03.1952;49681;Garrel;04474/22114083;riccardo-preuss@spam-mail.none;29.03.2021;m
326;Irmentraud;Korte;25.06.1946;80539;München;089/47308834;;23.04.2021;w
327;Aloys;Rabus;17.05.1998;50735;Köln;0221/95311101;aloysrabus@anymail.none;06.08.2020;m
328;Freimund;Bichler;14.08.1927;50735;Köln;0221/51334389;;24.11.2019;d
329;Enno;Tanner;27.01.1958;24626;Groß Kummerfeld;04328/29203120;enno.58@retromail.none;07.05.2021;m
330;Ewalda;Karle;17.09.1934;84367;Zeilarn;08572/28688088;ewalda.34@hoster.none;27.01.2020;w
331;Siegmar;Pospischil;25.08.1977;84168;Aham;;;20.08.2020;m
332;Gertwin;Soto;22.02.1991;24975;Hürup;04634/7505652;;07.12.2020;m
333;Adolfine;Blöchl;17.03.1984;45476;Mülheim an der Ruhr;0208/62961203;abloechl@private.none;17.12.2019;d
334;Karlheiner;Eicke;23.10.2017;21406;Barnstedt;;karlheinereicke@xyz.none;23.12.2020;m
335;Sabrina;Mühleisen;05.03.1907;54578;Berndorf;06593/63370844;sabrina_07@email.none;16.08.2019;w
336;Gordian;Poppen;20.06.1999;45476;Mülheim an der Ruhr;0208/18811522;gordian_99@mymail.none;27.02.2019;m
337;Medardus;Mecke;15.07.1977;38462;Grafhorst;05364/55137868;medardus_77@xyz.none;26.09.2019;m
338;Katy;Gassner;31.01.1907;38440;Wolfsburg;05361/42280568;katy.07@mymail.none;23.03.2020;w
339;Ehrentrudis;Piller;06.09.1964;34266;Niestetal;05605/30536611;;31.12.2019;d
340;Hermfried;Pirner;26.04.1938;17111;Sarow;03994/55696202;hermfried.pirner@mymail.none;13.10.2019;m
341;Juliane;Donaubauer;22.03.1935;53506;Rech;02643/86256111;;29.01.2021;d
342;Constantin;Lüdke;01.01.1958;88361;Boms;07581/81844494;constantin-luedke@inter-mail.none;18.09.2020;m
343;Wilfrid;Gade;23.08.1983;17111;Sarow;03994/98346480;;16.10.2019;m
344;Michael;Wesch;12.02.1946;86637;Wertingen;08272/95194105;michael-46@web.none;05.01.2021;m
345;Stefanie;Dohse;18.01.1922;50735;Köln;0221/40910850;stefanie-dohse@inter-mail.none;13.01.2020;w
346;Brunhildis;Grigo;27.01.1931;54578;Berndorf;06593/76254962;brunhildisgrigo@xyz.none;29.05.2020;d
347;Gieselind;Jefferson;18.06.1986;50735;Köln;0221/58758638;gieselind.jefferson@live-mail.none;16.03.2020;w
348;Tomas;Priester;12.08.1911;24211;Pohnsdorf;04342/26139220;tomaspriester@email.none;08.12.2019;m
349;Annabelle;Thien;18.05.2007;21521;Wohltorf;04104/76500266;;04.10.2019;w
350;Ivette;Maron;12.09.1924;33739;Bielefeld;;ivette-maron@trashmail.none;12.12.2019;w
351;Niklas;Knoch;29.12.1962;24211;Preetz;;;02.04.2019;m
352;Valentine;Holzschuh;28.06.1937;25764;Hillgroven;04823/70070063;valentine.holzschuh@web.none;24.12.2020;w
353;Engelhard;Strehl;23.02.1993;97258;Oberickelsheim;;;07.02.2021;m
354;Fabiane;Brass;16.02.1943;85622;Feldkirchen;089/82037833;fabiane.43@justmail.none;12.02.2020;w
355;Conrad;Riechers;12.10.1934;50735;Köln;0221/52463493;conrad-riechers@retromail.none;30.06.2020;m
356;Ingmar;Lübben;24.03.1955;13158;Rosenthal;030/41395475;iluebben@funmail.none;08.05.2020;m
357;Paulfried;Oesterreich;02.07.1989;38462;Grafhorst;05364/49035749;paulfried_oesterreich@web.none;16.06.2021;m
358;Gotthilf;Jakobs;15.04.1938;72411;Bodelshausen;07471/20305461;gotthilf_jakobs@net-mail.none;05.11.2020;m
359;Sergius;Püttmann;21.05.1959;84168;Aham;;sergius_59@xyz.none;03.11.2019;m
360;Mania;Ehrentraut;30.06.1940;38462;Grafhorst;05364/10263036;mania-1940@kitty.none;28.09.2019;w
361;Jamie;Störk;17.07.1935;55469;Rayerschied;06761/37251337;;15.05.2019;w
362;Eckhold;Lammel;19.06.2009;54578;Berndorf;06593/60439735;elammel@retromail.none;25.10.2020;m
363;Roselette;Borstel;19.06.1902;67586;Hillesheim;06733/76878652;roselette_02@trashmail.none;18.01.2021;w
364;Trudbert;Steinel;11.01.2011;55471;Reich;06761/25762574;;10.01.2021;m
365;Edelmut;Jones;21.06.1943;67744;Löllbach;06753/10694037;e1943@live-mail.none;24.08.2020;m
366;Anselm;Kobel;01.12.1923;99428;Weimar;03643/93384129;anselm-kobel@goggle-mail.none;28.02.2021;m
367;Laurens;Michl;23.05.2011;67728;Münchweiler an der Alsenz;;laurens-michl@quickmail.none;29.05.2021;m
368;Kornelia;Heubeck;08.10.1905;38462;Grafhorst;;;08.05.2021;d
369;Matteo;Postler;26.05.1908;24211;Preetz;;m_08@email.none;19.08.2019;m
370;Katherina;Leucht;30.07.1979;67744;Löllbach;06753/58432978;katherina_1979@open-mail.none;09.12.2019;w
371;Willehad;Escher;17.08.2017;24626;Groß Kummerfeld;04328/95901451;w.17@ultramail.none;22.05.2020;d
372;Adalbert;Henne;03.01.1981;17111;Sarow;;a-81@inter-mail.none;26.02.2019;m
373;Rosegret;Harke;12.05.2006;24626;Groß Kummerfeld;04328/1173703;;03.12.2020;d
374;Erltrud;Schweitzer;19.07.2018;38440;Wolfsburg;05361/33535919;e.2018@mymail.none;23.11.2019;w
375;Jonah;Keil;11.06.1994;84168;Aham;08744/80484861;jonah.keil@mymail.none;03.01.2021;m
376;Stefan;Wohlgemuth;23.02.2011;49681;Garrel;04474/47938251;;29.01.2019;m
377;Karlfrieder;Rascher;21.02.2015;67586;Hillesheim;06733/89348096;karlfrieder.rascher@justmail.none;10.06.2020;m
378;Joelle;Schepp;31.03.1918;24211;Pohnsdorf;04342/22413427;joelle.schepp@company.none;27.01.2021;w
379;Alisa;Drews;22.08.1961;72411;Bodelshausen;;alisa_drews@spam-mail.none;22.05.2020;w
380;Arnd;Wittich;22.11.1986;49681;Garrel;04474/96404037;;11.06.2021;m
381;Curt;Tempel;30.12.1905;72294;Grömbach;07453/48789474;curttempel@validmail.none;14.05.2019;m
382;Kristof;Bunse;24.07.1951;55469;Rayerschied;06761/59166252;kristof_51@spam-mail.none;11.04.2019;m
383;Margunde;Scheurich;30.07.1994;99428;Weimar;03643/69835346;;19.06.2020;w
384;Marlen;Reichardt;15.04.1978;54636;Ehlenz;06561/67692018;m.reichardt@domain.none;12.01.2019;w
385;Leonharda;Brown;31.01.1923;21521;Wohltorf;04104/84817696;;09.07.2019;w
386;Ehrenreich;Eichmann;16.11.1968;21406;Barnstedt;04134/47472184;;09.03.2019;m
387;Evalinde;Henschke;11.12.2001;34266;Niestetal;;;17.09.2019;d
388;Cordelia;Lassen;29.12.1910;24211;Pohnsdorf;;cordelia_lassen@net-mail.none;18.02.2021;w
389;Witmar;Scheiner;06.02.1957;25792;Neuenkirchen;04837/55002932;witmar_scheiner@quickmail.none;05.11.2020;m
390;Serafine;Korkmaz;09.06.1993;72294;Grömbach;;;19.03.2019;w
391;Gundela;Mergner;29.10.1919;38440;Wolfsburg;05361/8809330;gmergner@anymail.none;31.05.2020;w
392;Rupert;Jaworski;20.11.2000;88361;Boms;07581/87490596;rupert_jaworski@trashmail.none;16.01.2019;m
393;Hildegardt;Trepte;05.04.1926;25764;Hillgroven;;hildegardt.26@live-mail.none;01.01.2020;w
394;Marah;Mack;17.08.1916;25764;Hillgroven;04823/60763958;marah16@ultramail.none;10.06.2020;w
395;Brandolf;McCormick;24.03.1983;24211;Pohnsdorf;04342/25763777;brandolf_mccormick@inter-mail.none;30.05.2019;d
396;Jolantha;Thumann;30.07.1956;25764;Hillgroven;04823/23916009;jolantha_thumann@spam-mail.none;24.02.2021;w
397;Mariegret;Röseler;02.11.1967;24626;Groß Kummerfeld;04328/15184256;;10.04.2019;w
398;Rafael;Petry;15.08.1990;67586;Hillesheim;;;18.05.2021;m
399;Irmtraud;Welch;22.06.1944;72294;Grömbach;07453/66729200;iwelch@validmail.none;24.03.2019;w
400;Barthold;Heck;09.02.1910;49681;Garrel;04474/93671833;barthold1910@net-mail.none;25.05.2020;m
401;Arwid;Artz;21.11.2020;33739;Bielefeld;0521/54886586;a.artz@hoster.none;11.02.2019;m
402;Karli;Dominik;16.04.1954;24626;Groß Kummerfeld;04328/44040151;karli-1954@validmail.none;26.02.2019;m
403;Reintraud;Gehring;22.01.1945;21521;Wohltorf;;reintraud-gehring@web.none;04.12.2020;w
404;Dominic;Holzwarth;12.09.1969;49681;Garrel;;d-holzwarth@validmail.none;27.10.2020;m
405;Friedmut;Eismann;19.06.1911;25764;Hillgroven;;friedmut.eismann@retromail.none;23.05.2021;m
406;Edgar;Proske;14.09.1952;17111;Sarow;03994/18134699;e52@ultramail.none;05.03.2019;d
407;Kaya;Goy;15.05.1916;67728;Münchweiler an der Alsenz;06302/51763498;kaya-goy@funmail.none;30.08.2019;d
408;Dietger;Pomplun;16.06.1973;49196;Bad Laer;05424/7849906;;20.01.2020;m
409;Irmelinde;List;18.03.1952;38440;Wolfsburg;05361/90505601;i.1952@goggle-mail.none;19.06.2021;w
410;Merten;Schürmann;09.11.1933;67744;Löllbach;;m1933@net-mail.none;17.02.2020;m
411;Steff;Schmiedel;06.10.1963;24626;Groß Kummerfeld;04328/33287796;;28.05.2021;m
412;Jolanda;Mielke;10.10.1960;86637;Wertingen;;jolanda_mielke@net-mail.none;31.03.2019;w
413;Wunibald;Kubik;20.11.1956;49681;Garrel;04474/40593052;wunibald.kubik@spam-mail.none;05.11.2019;m
414;Gottfried;Fox;24.12.1924;84367;Zeilarn;08572/30593458;gottfried-24@xyz.none;20.01.2020;m
415;Alheide;Kell;03.09.1913;55471;Reich;;a_kell@goggle-mail.none;23.03.2019;w
416;Adrian;Pyka;17.11.1938;38462;Grafhorst;05364/36147641;a.pyka@justmail.none;16.05.2019;m
417;Sebald;Schubert;26.05.1961;86637;Wertingen;;s_schubert@inter-mail.none;05.02.2021;m
418;Tino;Grosser;18.10.1979;54636;Ehlenz;06561/96449916;tino_grosser@mymail.none;03.07.2020;m
419;Marina;Schüttler;04.03.1934;72411;Bodelshausen;;marina_schuettler@live-mail.none;18.04.2021;d
420;Trude;Heublein;21.03.1977;55469;Rayerschied;06761/98219397;;29.07.2020;w
421;Irene;Penning;29.06.2010;17111;Sarow;03994/70444037;i_penning@validmail.none;01.03.2020;w
422;Roseline;Homburg;25.12.1921;38462;Grafhorst;05364/12431227;roseline-homburg@quickmail.none;07.01.2020;w
423;Mareile;Engels;21.08.2003;54636;Ehlenz;06561/88111716;mareile-engels@mymail.none;31.03.2020;w
424;Diether;Marth;21.03.2014;86692;Münster;08276/82684872;;02.06.2019;m
425;Thea;Menk;08.11.1927;25926;Karlum;;thea.menk@quickmail.none;16.02.2020;w
426;Norbert;Kleinhenz;30.10.1981;24211;Pohnsdorf;04342/42884126;norbert81@ultramail.none;10.06.2021;m
427;Ruppert;Bauer;23.01.1967;72411;Bodelshausen;07471/9673075;r.bauer@retromail.none;07.02.2020;d
428;Arnulf;Scharpf;25.05.1904;85622;Feldkirchen;089/44182564;;24.01.2019;m
429;Felicitas;Struckmann;22.02.1972;49832;Freren;05902/35008250;felicitas-struckmann@hoster.none;30.01.2019;w
430;Herrmann;Mehl;02.02.2009;25926;Karlum;04662/23414933;herrmann-2009@goggle-mail.none;04.03.2019;m
431;Emilia;Krumbholz;03.07.1946;67586;Hillesheim;06733/53761135;emilia-krumbholz@open-mail.none;17.12.2020;w
432;Reinold;Mädler;06.02.1914;38462;Grafhorst;;reinoldmaedler@justmail.none;16.10.2020;m
433;Beatrice;Frohn;23.09.1919;49832;Freren;05902/17599754;beatricefrohn@xyz.none;09.07.2019;w
434;Trautlind;Hensel;07.05.1950;49832;Freren;05902/70750040;trautlind.hensel@goggle-mail.none;02.01.2019;w
435;Frohmund;Blohm;07.06.1928;24211;Pohnsdorf;04342/48586348;;18.05.2020;m
436;Dorith;Klappert;18.09.2000;54636;Ehlenz;06561/63755002;dorithklappert@mymail.none;10.01.2020;d
437;Markus;Boyd;27.06.1920;55469;Rayerschied;06761/51355605;markus.boyd@ultramail.none;07.01.2021;m
438;Steffan;Heilmann;05.08.1919;24211;Pohnsdorf;04342/49441181;steffan.heilmann@goggle-mail.none;27.02.2020;m
439;Heimtraud;Higgins;06.10.1952;38462;Grafhorst;05364/87098687;;10.06.2020;w
440;Helmbrecht;Holzhauser;08.12.1930;84367;Zeilarn;08572/73570717;helmbrecht-30@web.none;04.08.2020;m
441;Hansjoachim;Prange;20.03.1931;21521;Wohltorf;04104/87816533;hansjoachim.prange@bestmail.none;27.10.2019;m
442;Loreliese;Manthey;23.02.1998;49681;Garrel;;;08.02.2020;w
443;Greta;Alber;31.08.1988;38440;Wolfsburg;05361/28552450;greta_alber@kitty.none;21.01.2020;w
444;Waldfriede;Dufner;14.05.1906;50735;Köln;0221/44942667;w.dufner@justmail.none;01.12.2020;d
445;Otheinrich;Fichter;03.08.1999;25926;Karlum;;o.fichter@company.none;22.08.2019;m
446;Emmeran;Wöllner;06.11.1939;49196;Bad Laer;05424/76313936;emmeran.woellner@kitty.none;21.11.2019;d
447;Joelle;Hennecke;12.10.2020;21406;Barnstedt;04134/13492896;joellehennecke@open-mail.none;17.04.2020;w
448;Rosehilde;Castillo;24.12.2019;45476;Mülheim an der Ruhr;0208/58823872;r_castillo@justmail.none;24.03.2021;w
449;Bärbele;Zipfel;22.11.1931;13158;Rosenthal;030/73905255;baerbele-zipfel@web.none;16.08.2019;w
450;Elke;Fetzer;27.01.2000;17111;Sarow;;elke_2000@funmail.none;27.10.2019;w
451;Rasmus;Novotny;16.01.1955;38462;Grafhorst;;rasmus.1955@kitty.none;16.01.2019;m
452;Liselore;Austermann;18.06.1929;24975;Hürup;;liselore_29@open-mail.none;05.07.2020;w
453;Grimbert;Fuß;31.05.1912;34266;Niestetal;05605/34189399;;11.03.2021;m
454;Caspar;Becht;19.02.1904;84367;Zeilarn;08572/76657130;caspar.becht@web.none;26.04.2021;m
455;Josefine;Boyd;04.11.1932;54578;Berndorf;06593/63234091;josefine_32@domain.none;18.05.2020;w
456;Denny;Heidinger;26.10.1989;24626;Groß Kummerfeld;;;02.05.2021;m
457;Keno;Finck;18.06.1920;49681;Garrel;04474/14914747;;20.12.2019;m
458;Gottwald;Mund;26.03.2011;86692;Münster;08276/79306372;gottwaldmund@spam-mail.none;25.08.2020;m
459;Frohlinde;Wenzl;25.09.1969;25764;Hillgroven;04823/71183635;f_wenzl@trashmail.none;03.02.2020;w
460;Friedbald;Cetinkaya;14.02.1966;24626;Groß Kummerfeld;;;18.10.2019;m
461;Sidonie;Leis;25.04.2015;55471;Reich;;sidonieleis@retromail.none;05.02.2019;w
462;Patrick;Roßmann;13.06.1951;38462;Grafhorst;05364/46358385;p-rossmann@domain.none;02.12.2019;m
463;Helmine;Klatte;06.10.1996;84367;Zeilarn;08572/75829236;helmine_klatte@hoster.none;22.06.2020;w
464;Hieronimus;Mehring;07.05.1946;34266;Niestetal;;h.46@goggle-mail.none;03.05.2021;m
465;Resel;Stieger;27.07.1985;53506;Rech;02643/5243759;;22.10.2020;w
466;Wolfdieter;Aguilar;27.02.2011;38462;Grafhorst;;wolfdieter_aguilar@funmail.none;26.11.2019;m
467;Janette;Wendlandt;04.06.1978;25926;Karlum;04662/1770426;janette.78@funmail.none;06.11.2019;w
468;Uta;Bien;02.09.1911;97258;Oberickelsheim;09842/60215370;;24.09.2020;w
469;Rigo;Bronner;08.04.1916;67586;Hillesheim;06733/25498663;r-bronner@ultramail.none;02.05.2019;m
470;Thorsten;Schielke;01.05.1909;67728;Münchweiler an der Alsenz;06302/22670929;thorsten-1909@net-mail.none;04.01.2019;m
471;Leon;Münster;03.08.1988;25926;Karlum;04662/38103762;;07.11.2019;m
472;Margreth;Thalmann;16.01.2010;67586;Hillesheim;06733/4363394;;18.06.2020;w
473;Jörgfried;Wasmuth;02.02.1906;84168;Aham;08744/95307042;;04.05.2021;m
474;Bertram;Borth;14.06.2017;84168;Aham;08744/78190801;bertram.17@email.none;30.08.2019;m
475;Eileen;Wendorff;17.10.2011;24211;Preetz;04342/79983838;eileenwendorff@retromail.none;07.07.2019;w
476;Frithjof;Wilhelm;08.05.1914;45476;Mülheim an der Ruhr;;f.wilhelm@hoster.none;27.08.2019;m
477;Urban;Avci;19.08.1931;84168;Aham;08744/63676057;urban.avci@domain.none;10.07.2020;m
478;Christoph;Kleinke;06.10.2000;24211;Preetz;04342/56781396;c.kleinke@company.none;27.09.2019;m
479;Curd;Tomczak;09.07.1941;25926;Karlum;04662/50849014;c-tomczak@retromail.none;04.06.2021;d
480;Natascha;Heinz;21.06.1977;72411;Bodelshausen;07471/52795723;natascha-heinz@goggle-mail.none;16.08.2019;w
481;Leoni;Bozkurt;12.05.1905;25764;Hillgroven;04823/10687576;leonibozkurt@email.none;04.10.2019;w
482;Constanze;Helling;15.01.1962;25764;Hillgroven;04823/71027830;constanze_62@validmail.none;12.05.2020;w
483;Sonnhilde;Mailänder;10.12.1958;21521;Wohltorf;04104/28462865;sonnhilde.mailaender@spam-mail.none;11.04.2019;w
484;Resi;Walcher;07.02.2007;67744;Löllbach;06753/12250085;resi_walcher@kitty.none;21.05.2019;d
485;Otmar;Jesse;13.03.1960;13158;Rosenthal;;;06.06.2019;m
486;Hendrik;Hammes;23.03.1927;17111;Sarow;03994/42225094;hhammes@live-mail.none;18.03.2020;m
487;Rhiane;Stammer;14.09.1915;49681;Garrel;04474/36612284;;23.04.2020;w
488;Marilene;Wölfle;08.04.1959;67728;Münchweiler an der Alsenz;06302/49702284;marilenewoelfle@company.none;03.03.2021;w
489;Donat;Jonas;27.01.1959;25764;Hillgroven;04823/26271842;donat.jonas@funmail.none;15.09.2020;m
490;Amrei;Leineweber;04.12.1993;21406;Barnstedt;04134/96050139;amrei_leineweber@xyz.none;15.03.2021;w
491;Mert;Cremer;27.11.1985;13158;Rosenthal;030/79130710;mert1985@bestmail.none;22.01.2019;m
492;Treuhard;Schlesinger;30.12.1971;38440;Wolfsburg;05361/6176150;t.schlesinger@private.none;07.01.2020;m
493;Roselene;Klinke;23.10.1937;50735;Köln;0221/73377833;roselene_klinke@live-mail.none;02.07.2019;w
494;Vitalis;Au;03.04.1940;67586;Hillesheim;06733/8917151;vitalis-au@private.none;16.05.2021;m
495;Wilma;Löscher;10.12.1989;24626;Groß Kummerfeld;04328/25859310;;23.04.2021;w
496;Arnulf;Habich;10.01.1978;67728;Münchweiler an der Alsenz;;a_1978@mymail.none;19.11.2019;m
497;Ewald;Höpfner;19.07.1980;13158;Rosenthal;030/50366107;ewaldhoepfner@ultramail.none;07.02.2020;m
498;Arwid;Johnen;31.01.1971;84168;Aham;08744/57932089;arwid.johnen@quickmail.none;23.03.2020;m
499;Anneli;Nill;05.07.1952;86637;Wertingen;08272/36760782;anneli_52@live-mail.none;07.06.2019;w
500;Arwed;Wasmuth;11.07.1915;97258;Oberickelsheim;09842/29872387;;30.11.2019;m
501;Barbli;Imhoff;31.05.1989;17111;Sarow;03994/79669617;b_imhoff@ultramail.none;28.12.2020;w
502;Käthchen;Pistor;13.12.1981;85622;Feldkirchen;089/8539815;;11.02.2020;w
503;Evchen;Breitsprecher;21.07.1926;54578;Berndorf;;e26@goggle-mail.none;30.11.2020;w
504;Helmuth;Fick;03.08.1963;53506;Rech;02643/5875641;helmuthfick@private.none;20.06.2021;m
505;Bernhardt;Irmer;13.07.1970;24626;Groß Kummerfeld;;bernhardtirmer@company.none;29.10.2019;m
506;Warnfried;Hemmer;20.01.1954;21406;Barnstedt;04134/30139009;warnfriedhemmer@goggle-mail.none;28.07.2019;m
507;Sieghardt;Brücher;15.10.2003;72294;Grömbach;07453/70585689;sieghardt.bruecher@mymail.none;02.10.2020;m
508;Sabinchen;Rupp;12.09.1945;13158;Rosenthal;030/11348775;s_1945@kitty.none;05.08.2019;w
509;Marika;Theobald;06.02.1942;38462;Grafhorst;05364/72515029;;18.06.2020;w
510;Rotger;Rohleder;14.02.2003;49196;Bad Laer;;r_rohleder@validmail.none;20.11.2020;m
511;Beatrice;Meßmer;05.09.2003;34266;Niestetal;05605/99962374;beatrice-messmer@quickmail.none;14.05.2019;w
512;Annelore;Kies;26.06.2012;24975;Hürup;04634/85908177;akies@company.none;11.05.2021;w
513;Timm;Gorny;07.11.1906;67586;Hillesheim;06733/84181297;timmgorny@xyz.none;16.01.2019;m
514;Barbi;Denner;10.03.1977;25926;Karlum;04662/51169600;b_denner@email.none;24.01.2020;w
515;Philipine;Trenkle;02.11.1998;24975;Hürup;;;21.06.2019;w
516;Lilli;Masch;31.03.1931;67744;Löllbach;06753/23175695;;24.02.2021;w
517;Seibold;Bastian;23.10.1913;67586;Hillesheim;06733/17566304;seibold_bastian@anymail.none;06.11.2020;m
518;Martha;Borges;15.02.1936;45476;Mülheim an der Ruhr;;martha-borges@retromail.none;11.01.2020;w
519;Ricardo;Teßmann;03.10.1936;24626;Groß Kummerfeld;;ricardo-tessmann@domain.none;06.05.2019;m
520;Carlheinz;Molnar;07.09.1980;24626;Groß Kummerfeld;04328/66232115;;27.07.2019;m
521;Ruben;Ball;07.04.1953;49196;Bad Laer;05424/65955045;rubenball@funmail.none;24.07.2020;m
522;Cindy;Wulfert;18.12.1954;80539;München;089/23067336;cindy.54@mymail.none;15.12.2020;d
523;Jens;Uhlig;16.02.1985;67728;Münchweiler an der Alsenz;06302/31439029;;03.02.2021;m
524;Sepp;Bernd;12.12.1983;17111;Sarow;03994/47699165;sepp.bernd@private.none;21.06.2021;m
525;Margaretha;Deck;14.11.2015;67586;Hillesheim;06733/80732194;m.deck@anymail.none;06.01.2021;w
526;Bertin;Frühauf;08.03.1937;49196;Bad Laer;05424/92196314;b-1937@goggle-mail.none;02.04.2019;m
527;Almut;Boje;23.06.2003;84168;Aham;08744/48540805;almut.2003@domain.none;01.01.2019;w
528;Dietwald;Bäder;24.09.2010;24211;Pohnsdorf;;dietwald_10@ultramail.none;12.04.2021;m
529;Lerke;Huff;11.08.1949;82031;Grünwald;089/89261867;lerkehuff@ultramail.none;20.12.2019;w
530;Hannah;Wöllner;05.09.2014;38462;Grafhorst;;hannah_woellner@funmail.none;25.06.2020;w
531;Erdmute;Manz;09.06.1920;24211;Preetz;04342/30532787;erdmute1920@validmail.none;11.02.2021;w
532;Uwe;Mathes;21.04.1940;88361;Boms;07581/49115669;uwemathes@company.none;17.08.2019;m
533;Cuno;Tas;22.09.1902;24211;Pohnsdorf;04342/82556988;ctas@web.none;04.08.2019;m
534;Ulf;Kroh;31.05.1989;17111;Sarow;03994/19514469;ulf1989@private.none;08.02.2020;d
535;Volkart;Book;07.11.1920;97258;Oberickelsheim;09842/20232443;volkart-20@inter-mail.none;22.08.2020;m
536;Hansgerd;Weinmann;09.10.1914;13158;Rosenthal;030/60696318;hansgerdweinmann@validmail.none;24.04.2021;m
537;Wladislaus;Mehlhorn;18.11.1926;38440;Wolfsburg;;w-mehlhorn@bestmail.none;15.07.2019;m
538;Egmont;Fuller;03.05.1958;21521;Wohltorf;04104/5769151;egmont-fuller@net-mail.none;14.03.2020;m
539;Angelina;Rubel;15.12.1909;24975;Hürup;04634/63099593;a_1909@justmail.none;18.10.2019;w
540;Hildemarie;Dachser;04.05.1904;54636;Ehlenz;06561/96235773;;03.05.2020;w
541;Dagomar;Santiago;04.12.1920;54636;Ehlenz;06561/92130982;;17.06.2019;m
542;Gunda;Adamski;08.01.1961;24975;Hürup;;gunda-adamski@spam-mail.none;26.07.2020;w
543;Theohold;Andersson;20.10.2005;49832;Freren;;theohold_andersson@trashmail.none;23.05.2021;m
544;Jolanta;Goetz;14.01.2008;25926;Karlum;04662/43918655;;06.06.2019;w
545;Verona;Korff;20.11.1970;84168;Aham;08744/52167857;verona.korff@spam-mail.none;18.05.2019;d
546;Inka;Kindermann;16.04.1951;34266;Niestetal;05605/17219719;inka.kindermann@email.none;27.09.2020;w
547;Wolfeckart;Schlicht;05.08.1913;84168;Aham;08744/8739368;wolfeckart-schlicht@mymail.none;24.05.2020;m
548;Leona;Reetz;29.09.1911;54636;Ehlenz;06561/21985802;lreetz@company.none;18.10.2019;w
549;Wolfram;Pistor;18.08.1981;53506;Rech;02643/40026686;;05.10.2020;m
550;Selin;Wirth;28.07.1953;84168;Aham;;selin-wirth@validmail.none;15.07.2019;w
551;Julien;Ebeling;21.12.1923;67586;Hillesheim;;julien_23@goggle-mail.none;13.03.2020;m
552;Frederik;Dold;02.06.1970;74243;Langenbrettach;07139/73271319;;01.01.2021;m
553;Helm;Handschuh;07.10.1937;24211;Pohnsdorf;04342/33002713;h_handschuh@goggle-mail.none;25.06.2020;m
554;Lorelies;Fleming;14.02.2001;49681;Garrel;04474/98832227;lorelies-fleming@live-mail.none;06.04.2020;w
555;Dietwulf;Presser;05.06.1918;45476;Mülheim an der Ruhr;0208/48623584;dietwulf.presser@inter-mail.none;16.02.2019;m
556;Hanswerner;Kücük;01.01.1920;38462;Grafhorst;;;27.11.2019;m
557;Winrich;Atelco;04.10.1963;38462;Grafhorst;;winrich.atelco@private.none;03.10.2019;m
558;Magdalene;Maus;15.05.2018;54636;Ehlenz;06561/22619751;m.2018@spam-mail.none;10.10.2020;w
559;Volkher;Russell;13.04.1989;54636;Ehlenz;06561/92640429;volkher-russell@validmail.none;11.11.2019;m
560;Fridulf;Pitsch;17.01.1977;67586;Hillesheim;06733/39143259;f1977@bestmail.none;09.02.2019;m
561;Ingeburg;Donath;15.06.1904;49196;Bad Laer;05424/18282388;;01.10.2020;w
562;Hellmut;Schwenke;06.04.1980;13158;Rosenthal;030/31952048;hellmut-schwenke@spam-mail.none;18.07.2019;m
563;Burckhard;Gies;30.08.1964;54636;Ehlenz;06561/38518608;b_gies@web.none;15.08.2020;m
564;Annelen;Baatz;29.08.2018;33739;Bielefeld;0521/19929617;annelen.18@funmail.none;15.03.2020;w
565;Sylvelin;Engelking;16.06.2004;53506;Rech;02643/29491891;sylvelin_engelking@net-mail.none;03.03.2021;d
566;Irmgarda;Ringleb;28.02.1905;17111;Sarow;03994/47251447;irmgarda.ringleb@quickmail.none;15.03.2019;d
567;Degenhardt;Beste;10.11.2005;25764;Hillgroven;04823/35689201;d.2005@anymail.none;08.05.2020;m
568;Rosmarie;Hoyer;15.10.1920;54636;Ehlenz;06561/42340591;r_1920@mymail.none;10.01.2019;d
569;Irmgard;Kaden;20.04.1964;21406;Barnstedt;04134/83142564;;29.01.2021;w
570;Reni;Lassen;01.06.1923;84168;Aham;08744/3544811;reni_1923@quickmail.none;23.08.2019;w
571;Aylin;Mühlbauer;29.06.1922;17111;Sarow;03994/65401755;a_muehlbauer@ultramail.none;29.09.2020;w
572;Ottmar;Burton;13.07.1943;50735;Köln;0221/18198079;;02.02.2019;m
573;Freimuth;Dörflinger;17.01.1985;82031;Grünwald;089/17875970;freimuth-1985@ultramail.none;08.12.2019;m
574;Nick;Walters;16.07.1971;88361;Boms;07581/48131667;n.walters@justmail.none;21.08.2019;m
575;Thorsten;Röhling;07.11.1986;13158;Rosenthal;;thorsten.roehling@anymail.none;01.10.2020;m
576;Liam;Wittrock;04.07.1962;49681;Garrel;04474/63763653;liam.wittrock@mymail.none;30.04.2021;m
577;Almut;Spur;02.07.1932;25792;Neuenkirchen;04837/74414944;almut_32@spam-mail.none;27.01.2021;w
578;Holk;Hill;03.06.1970;72294;Grömbach;07453/72086538;;13.02.2021;m
579;Karin;Schalk;30.12.1970;84168;Aham;08744/97411358;karin.schalk@validmail.none;30.04.2021;w
580;Wilbrandt;Jacoby;06.06.2013;54636;Ehlenz;06561/17184897;wilbrandt_13@retromail.none;10.06.2021;m
581;Tassilo;Franze;05.06.1952;24211;Pohnsdorf;;tassilo_franze@justmail.none;01.05.2019;m
582;Emanuel;Tan;21.04.1912;99428;Weimar;03643/60597346;emanuel-tan@retromail.none;05.02.2020;m
583;Paula;Rühle;07.01.2001;72411;Bodelshausen;07471/44707207;p-ruehle@retromail.none;22.12.2020;w
584;Traudl;Stauder;08.06.1915;49681;Garrel;04474/28205650;traudl_stauder@net-mail.none;23.06.2020;w
585;Loremarie;Schübel;05.02.2016;24626;Groß Kummerfeld;04328/37174831;loremarie_schuebel@funmail.none;01.07.2019;w
586;Almute;Joschko;15.09.2006;21406;Barnstedt;04134/99269238;almutejoschko@xyz.none;13.01.2020;w
587;Caja;Rodenberg;27.02.2010;72294;Grömbach;07453/83082930;;31.08.2019;w
588;Wedig;Czekalla;17.02.1984;54636;Ehlenz;06561/52411896;;07.11.2019;m
589;Marbod;Thiessen;14.07.1947;84367;Zeilarn;08572/12971792;marbod.thiessen@mymail.none;05.10.2019;m
590;Sabrina;Aicher;08.06.2004;45476;Mülheim an der Ruhr;0208/95346237;s2004@mymail.none;19.04.2019;w
591;Hilgrun;Tyler;16.03.1920;88361;Boms;07581/3439428;hilgruntyler@justmail.none;06.09.2019;w
592;Antje;Ahlers;17.07.1950;84168;Aham;08744/6056336;antje_ahlers@goggle-mail.none;14.03.2019;w
593;Ingelinde;Rutkowski;27.10.1921;84168;Aham;08744/79736955;ingelinde.21@domain.none;19.12.2019;w
594;Margaritta;Reichow;15.08.1992;38462;Grafhorst;05364/37611672;margaritta_reichow@trashmail.none;16.05.2019;w
595;Bernfried;Topf;08.05.1919;13158;Rosenthal;;bernfried.19@live-mail.none;03.07.2020;m
596;Philipp;Hupfer;23.12.1928;54636;Ehlenz;;philipp-1928@company.none;23.03.2021;m
597;Berno;Knigge;16.04.1990;21406;Barnstedt;04134/66609927;;21.06.2020;m
598;Lore;Spencer;08.04.1950;24975;Hürup;04634/93567182;l-spencer@trashmail.none;23.11.2019;w
599;Godo;Künzel;28.05.2010;88361;Boms;;godo-kuenzel@web.none;01.03.2019;m
600;Heimhart;Hof;14.02.2004;17111;Sarow;;heimhart.hof@retromail.none;29.09.2019;m
601;Leonie;Kirchberg;29.04.1952;49681;Garrel;04474/55684557;leonie.kirchberg@live-mail.none;14.11.2019;w
602;Heimbert;Wurster;02.12.1977;49832;Freren;05902/93990862;heimbert_77@private.none;30.01.2020;m
603;Ferdinand;Polzin;15.05.2011;24211;Pohnsdorf;04342/89363487;ferdinand_2011@spam-mail.none;01.08.2020;d
604;Englbert;Lott;03.03.1928;85622;Feldkirchen;089/44616949;elott@hoster.none;10.02.2019;m
605;Franz;Liebenow;23.06.1961;17111;Sarow;03994/76586591;franz_liebenow@trashmail.none;09.03.2019;m
606;Augustin;Hilbig;24.02.1925;67728;Münchweiler an der Alsenz;;;16.05.2021;m
607;Madeleine;Fabry;11.09.1955;25926;Karlum;;m-fabry@company.none;16.05.2021;w
608;Tomas;Czarnecki;06.08.1931;55469;Rayerschied;06761/54046502;tomas.czarnecki@ultramail.none;28.10.2020;m
609;Hiltrun;Moch;01.01.1918;33739;Bielefeld;0521/39775640;hiltrun_moch@domain.none;02.04.2020;w
610;Erfried;Stockinger;02.02.1940;67728;Münchweiler an der Alsenz;06302/3948764;e-stockinger@company.none;17.03.2021;m
611;Kriemhild;Davis;01.03.1937;25926;Karlum;;kriemhild.davis@quickmail.none;29.06.2019;w
612;Ferfried;Reichmann;25.05.1940;49681;Garrel;;ferfried_1940@funmail.none;15.04.2021;m
613;Andree;Oppelt;01.05.1936;72294;Grömbach;07453/24639396;andree.oppelt@kitty.none;27.12.2019;m
614;Einhard;Kelly;16.09.2019;24626;Groß Kummerfeld;;e-kelly@quickmail.none;24.11.2020;m
615;Eckhart;Böhringer;29.12.1979;25764;Hillgroven;04823/23005667;;18.08.2019;m
616;Rouven;Chambers;03.02.1938;67744;Löllbach;06753/10788199;rouven.chambers@email.none;03.10.2020;m
617;Gabriel;Wandel;15.02.2011;49832;Freren;05902/7474959;gabriel.wandel@net-mail.none;24.10.2020;d
618;Wernhard;Duschl;03.10.1937;54636;Ehlenz;06561/44024385;wernhard_37@bestmail.none;02.06.2021;d
619;Tilmann;Pfützner;07.04.1938;45476;Mülheim an der Ruhr;0208/17864780;tilmann-pfuetzner@spam-mail.none;31.08.2019;m
620;Karlfried;Teschke;07.02.1963;49681;Garrel;04474/87461477;k.teschke@spam-mail.none;16.05.2020;m
621;Ulfried;Thaler;12.03.1951;38462;Grafhorst;05364/437003;ulfriedthaler@web.none;29.09.2019;m
622;Jeanette;Osborne;18.02.1964;49681;Garrel;04474/35841425;j.1964@ultramail.none;21.07.2020;w
623;Laurin;Grünig;21.09.1985;50735;Köln;0221/64452724;;01.02.2021;m
624;Odilo;Yilmaz;22.11.1946;67586;Hillesheim;06733/47852395;o.yilmaz@private.none;22.06.2020;m
625;Jacob;Stachowiak;11.02.1960;45476;Mülheim an der Ruhr;0208/76671574;jacob-stachowiak@trashmail.none;29.06.2020;m
626;Volkhardt;Prenzel;30.08.1991;49196;Bad Laer;05424/39182869;volkhardt_prenzel@justmail.none;30.04.2020;m
627;Florenz;Arp;23.05.2020;49832;Freren;05902/87953054;f-arp@kitty.none;20.02.2021;m
628;Donat;Goldbach;01.12.1948;13158;Rosenthal;030/91011504;donat_1948@funmail.none;01.03.2021;m
629;Guntram;Ferreira;27.03.1958;67744;Löllbach;06753/59671598;gferreira@bestmail.none;20.09.2020;m
630;Mirjam;Ellwanger;26.12.1994;34266;Niestetal;05605/55558188;mirjam_ellwanger@justmail.none;15.06.2020;w
631;Freiwald;Holzmann;05.06.1902;97258;Oberickelsheim;09842/52193731;f.1902@ultramail.none;24.10.2019;d
632;Gerhild;Ulrich;13.10.2008;49681;Garrel;04474/38283112;;13.06.2021;w
633;Hildelies;Jakubowski;02.01.1989;17111;Sarow;03994/61277417;hildelies-jakubowski@bestmail.none;27.08.2020;d
634;Nepomuk;Hupfeld;16.08.1935;67586;Hillesheim;;nepomuk_hupfeld@hoster.none;21.05.2019;m
635;Wiethold;Lieb;21.12.1924;67728;Münchweiler an der Alsenz;06302/86253105;wiethold-lieb@trashmail.none;23.01.2019;d
636;Bernadine;Meiß;20.06.1995;24626;Groß Kummerfeld;04328/35423212;bernadinemeiss@inter-mail.none;10.06.2020;w
637;Raimunde;Jaschke;08.12.1946;49832;Freren;05902/70859088;r_jaschke@hoster.none;04.01.2020;w
638;Lia;Epple;21.12.1963;84168;Aham;08744/8586270;lia-epple@funmail.none;28.10.2019;w
639;Mayk;Castro;14.01.1912;24211;Preetz;04342/52087355;mayk.12@goggle-mail.none;14.06.2021;m
640;Käthi;Rivera;11.04.1973;24211;Pohnsdorf;04342/71689053;kaethirivera@spam-mail.none;12.07.2020;w
641;Lene;Schaffert;09.07.1973;54578;Berndorf;06593/7138213;l_schaffert@company.none;03.09.2020;d
642;Bertina;Tacke;31.01.1945;24975;Hürup;;bertina-45@retromail.none;19.06.2019;d
643;Sabrina;Riemer;05.11.1938;88361;Boms;07581/3695456;;22.04.2020;w
644;Friedegund;Zinner;29.09.1940;50735;Köln;;f-1940@private.none;10.08.2019;w
645;Barnabas;Wollenhaupt;27.10.1949;45476;Mülheim an der Ruhr;0208/31506581;barnabaswollenhaupt@ultramail.none;07.01.2019;m
646;Marfriede;Holst;09.04.2009;97258;Oberickelsheim;09842/7525035;marfriede_holst@private.none;11.01.2019;d
647;Marzellus;Schiefer;21.06.1944;24211;Pohnsdorf;04342/17509125;marzellusschiefer@private.none;15.01.2021;d
648;Volker;Liermann;20.09.1981;84367;Zeilarn;08572/38484252;volker_liermann@goggle-mail.none;31.05.2021;m
649;Karola;Hartwich;09.04.1935;67586;Hillesheim;;k.hartwich@hoster.none;10.08.2019;w
650;Liv;Barthold;24.01.1974;21521;Wohltorf;04104/87732228;lbarthold@retromail.none;12.02.2019;w
651;Hilmar;Rollmann;14.11.1962;54636;Ehlenz;06561/30489236;;06.04.2020;m
652;Wladislaus;Laakmann;31.07.1930;24975;Hürup;04634/92565710;w_laakmann@open-mail.none;29.09.2020;m
653;Heimar;Oliveira;20.07.1941;24211;Pohnsdorf;;heimar_oliveira@domain.none;18.07.2019;m
654;Richard;Weth;19.04.1941;67744;Löllbach;06753/5820687;r_weth@private.none;03.02.2020;m
655;Heide;Vick;29.10.1931;24211;Pohnsdorf;04342/24894002;heide1931@validmail.none;22.08.2019;w
656;Engelhard;Strunz;09.05.1987;24598;Heidmühlen;04320/35977347;engelhard-strunz@company.none;17.05.2020;m
657;Hagen;Seufert;15.01.2003;34266;Niestetal;05605/20189199;;04.01.2019;m
658;Klementine;Bünger;28.12.1989;13158;Rosenthal;;klementine-buenger@inter-mail.none;08.11.2020;d
659;Herwiga;Bürkle;14.11.1903;97258;Oberickelsheim;09842/6517782;herwiga.buerkle@inter-mail.none;10.11.2020;w
660;Irmengild;Wahl;20.02.1987;54578;Berndorf;06593/61579970;irmengild.87@bestmail.none;28.09.2020;d
661;Anneli;Meiler;04.06.2007;49681;Garrel;04474/32380351;anneli-meiler@ultramail.none;11.07.2019;w
662;Dietburg;Schomburg;27.12.1910;24211;Pohnsdorf;04342/78013428;dietburgschomburg@web.none;28.05.2021;w
663;Achaz;Eichenauer;23.05.2012;86637;Wertingen;08272/55392656;aeichenauer@anymail.none;07.05.2019;m
664;Brita;Karpinski;14.02.1938;84168;Aham;08744/26947237;britakarpinski@live-mail.none;17.01.2019;w
665;Clotilde;Hilke;20.10.2001;54578;Berndorf;06593/32852790;;14.11.2019;w
666;Dörte;Bläser;16.07.1906;24626;Groß Kummerfeld;04328/70189782;doerte.blaeser@mymail.none;13.10.2020;d
667;Leonore;Hanauer;14.03.1909;84168;Aham;08744/80715689;;03.07.2020;w
668;Engelhard;Beetz;08.08.1910;67744;Löllbach;06753/73772798;engelhard_beetz@email.none;16.04.2021;m
669;Aloys;Schieck;04.07.1945;21521;Wohltorf;04104/65342232;;30.04.2020;m
670;Erlwine;Bretthauer;16.07.1998;67744;Löllbach;06753/61331154;e_bretthauer@kitty.none;03.11.2020;w
671;Antonio;Klamt;15.06.2002;55471;Reich;06761/19686183;antonio_02@company.none;14.11.2019;m
672;Urban;Uhde;18.01.1920;25926;Karlum;;urban_uhde@goggle-mail.none;18.04.2019;m
673;Burga;Claßen;09.04.1971;72294;Grömbach;07453/46850556;b.1971@web.none;03.04.2020;w
674;Friedbert;Schäffler;26.09.1997;34266;Niestetal;05605/58389914;friedbert.schaeffler@goggle-mail.none;24.03.2021;m
675;Ingo;Langhoff;01.02.2006;25926;Karlum;04662/34922279;ingo-langhoff@hoster.none;25.05.2021;m
676;Bernhild;Ortwein;27.02.1995;82031;Grünwald;089/1832241;bernhild.ortwein@private.none;16.04.2020;w
677;Jonny;Steinacker;05.03.1986;25764;Hillgroven;;j_1986@bestmail.none;02.01.2020;m
678;Richardis;Olbrich;23.03.1998;54636;Ehlenz;;richardisolbrich@domain.none;05.05.2021;w
679;Waldtraud;Mahlberg;28.01.1985;24975;Hürup;04634/20459341;;22.09.2019;w
680;Zenta;Nonnenmacher;11.11.2007;67728;Münchweiler an der Alsenz;06302/92348812;zenta_nonnenmacher@funmail.none;17.04.2019;w
681;Irene;Schindler;05.03.2015;86637;Wertingen;;irene_schindler@hoster.none;24.05.2021;w
682;André;Lotter;26.04.1973;21406;Barnstedt;04134/2046162;andre-1973@justmail.none;26.05.2020;m
683;Merten;Hagge;26.02.1940;67586;Hillesheim;06733/36964797;merten_hagge@justmail.none;11.07.2019;d
684;Angelika;Düwel;13.09.2000;24626;Groß Kummerfeld;04328/60400826;aduewel@anymail.none;16.12.2020;w
685;German;Wesemann;02.01.1958;17111;Sarow;03994/82006256;german.wesemann@retromail.none;15.04.2020;m
686;Balthasar;Schwickert;05.11.1959;53506;Rech;02643/22892618;balthasar-schwickert@retromail.none;28.04.2021;m
687;Ottwin;Wunsch;13.08.1924;84367;Zeilarn;08572/43050709;ottwin_wunsch@mymail.none;18.12.2020;m
688;Hansludwig;Lang;13.01.2018;25764;Hillgroven;04823/79100731;hansludwig_lang@bestmail.none;24.11.2019;m
689;Birte;Engelmann;06.07.1940;67586;Hillesheim;06733/26118073;birte-1940@open-mail.none;03.05.2019;w
690;Winand;Günthner;10.04.1968;97258;Oberickelsheim;09842/4308467;winand.1968@bestmail.none;03.01.2020;m
691;Waltrude;Binz;17.01.1985;21521;Wohltorf;;waltrude.85@inter-mail.none;21.07.2019;w
692;Rosl;Redecker;19.06.1913;82031;Grünwald;;;22.10.2019;w
693;Baldur;Metzinger;05.09.2014;17111;Sarow;03994/5802224;baldur2014@spam-mail.none;14.02.2021;m
694;Gunthard;Heidl;11.03.1987;24626;Groß Kummerfeld;04328/19591239;gunthard-heidl@kitty.none;03.06.2021;m
695;Irmlind;Lumpp;23.04.2018;13158;Rosenthal;030/54107817;irmlind_18@email.none;06.06.2019;d
696;Gefion;Woller;01.08.1968;49681;Garrel;04474/54989849;gefion.68@trashmail.none;22.08.2020;d
697;Rosie;Scheiermann;01.02.1982;21406;Barnstedt;04134/3546399;rosie.scheiermann@live-mail.none;20.12.2019;w
698;Arnim;Eberling;28.08.1990;25926;Karlum;04662/69645154;arnim-eberling@xyz.none;28.03.2020;m
699;Eveline;Kukuk;01.01.1998;82031;Grünwald;089/46195067;eveline1998@domain.none;05.11.2020;w
700;Sylvia;Briese;02.09.1976;53506;Rech;02643/13994806;sylvia-briese@ultramail.none;20.03.2020;w
701;Neidhard;Jungclaus;07.05.1949;84168;Aham;08744/39950489;neidhard-jungclaus@web.none;15.06.2021;d
702;Margret;Auth;09.06.1912;84168;Aham;08744/12784573;m-auth@justmail.none;15.03.2021;w
703;Witta;Piontek;04.04.1981;25926;Karlum;04662/9572070;witta.piontek@justmail.none;30.08.2020;d
704;Berit;Hall;14.01.1948;49681;Garrel;04474/67764004;b.hall@domain.none;08.08.2020;w
705;Rigobert;Sari;06.02.1970;84168;Aham;08744/8165582;;05.08.2020;m
706;Adrian;Winter;21.06.1986;53506;Rech;02643/61993357;adrian-winter@open-mail.none;30.12.2020;m
707;Sieghard;Flick;26.03.1980;17111;Sarow;03994/52145020;sieghard_flick@net-mail.none;24.10.2020;m
708;Hansfried;Stach;13.03.1962;21521;Wohltorf;;h-62@inter-mail.none;15.03.2021;m
709;Donat;Sitte;23.01.1980;97258;Oberickelsheim;09842/794701;;27.12.2019;m
710;Trauhard;Stahlberg;02.04.2021;55469;Rayerschied;06761/78112766;trauhardstahlberg@kitty.none;21.04.2019;m
711;Frithjof;Sixt;13.04.1958;24975;Hürup;04634/44353355;frithjof_1958@private.none;22.08.2019;m
712;Eugen;Braun;08.03.1914;54636;Ehlenz;;eugenbraun@kitty.none;30.04.2021;m
713;Walbert;Reinold;18.06.2014;72294;Grömbach;07453/20133424;w.14@anymail.none;25.05.2021;m
714;Maren;Dehmel;24.06.1956;72294;Grömbach;;;03.03.2020;w
715;Otthard;Knapp;16.04.1946;17111;Sarow;;otthard_knapp@kitty.none;30.09.2019;d
716;Godo;Larson;04.03.2004;67586;Hillesheim;06733/11853754;godo.larson@company.none;07.02.2019;m
717;Griseldis;Steinbacher;08.09.1952;38440;Wolfsburg;05361/92941243;;04.06.2019;w
718;Elizabeth;Ringel;11.06.1902;74243;Langenbrettach;07139/75898432;eringel@justmail.none;30.01.2020;w
719;Sahra;Göttler;10.04.1994;84367;Zeilarn;08572/48202511;sahra.goettler@trashmail.none;06.03.2019;d
720;Annabel;Morales;12.09.1927;24626;Groß Kummerfeld;04328/97476312;annabel.27@xyz.none;18.10.2019;w
721;Reginhardt;Stegmaier;10.04.1928;54636;Ehlenz;06561/57032412;reginhardt-stegmaier@quickmail.none;04.07.2019;d
722;Wolfeckart;Günther;10.06.1913;53506;Rech;02643/31775794;;06.08.2020;m
723;Bjarne;Riester;22.07.1946;49832;Freren;05902/59184232;bjarne-riester@ultramail.none;07.12.2019;m
724;Antonio;Pelster;13.03.1928;49681;Garrel;04474/56880072;antonio.pelster@quickmail.none;20.06.2021;m
725;Hildebert;Schädel;25.09.2012;84367;Zeilarn;08572/69198862;hildebert-schaedel@kitty.none;23.07.2020;m
726;Marianne;Neubert;05.05.1946;80539;München;089/27281691;marianneneubert@quickmail.none;02.07.2019;w
727;Dorothee;Hustedt;16.10.2009;49832;Freren;05902/45750824;dorothee-09@mymail.none;18.03.2019;w
728;Mariella;Schirrmeister;26.04.1923;50735;Köln;0221/12513770;m_23@trashmail.none;09.10.2019;w
729;Steven;Goßmann;11.02.1945;24211;Pohnsdorf;04342/14359334;;21.05.2019;m
730;Hildebert;Böhle;09.04.2001;25792;Neuenkirchen;04837/14663129;hildebert-01@spam-mail.none;27.05.2020;m
731;Trude;Jeschke;28.03.1957;97258;Oberickelsheim;09842/84083131;t-jeschke@web.none;26.08.2020;d
732;Bartholomäus;Kotz;09.08.1991;24211;Pohnsdorf;;bartholomaeus-kotz@goggle-mail.none;20.07.2019;m
733;Diethild;Koplin;08.12.1950;21521;Wohltorf;;diethild-koplin@private.none;16.09.2020;w
734;Tilla;Schwanitz;05.04.1985;38440;Wolfsburg;;;06.09.2020;w
735;Leander;Stiegler;30.06.1958;25764;Hillgroven;04823/60901874;;04.11.2019;m
736;Laurenz;Rohmann;09.10.1905;38462;Grafhorst;;l.rohmann@ultramail.none;25.10.2019;m
737;Aleyna;Forstner;04.02.1975;34266;Niestetal;05605/28456283;aleynaforstner@kitty.none;16.11.2019;d
738;Withold;Kusche;25.05.1987;49681;Garrel;04474/69374783;w.kusche@justmail.none;23.10.2020;m
739;Irmo;Kittelmann;13.11.1911;72294;Grömbach;07453/16209457;irmo.1911@goggle-mail.none;31.08.2019;m
740;Karlgünter;Bostelmann;23.11.1971;88361;Boms;07581/49552200;karlguenter.1971@trashmail.none;27.11.2020;m
741;Gerwin;Launisch;21.01.2011;49681;Garrel;;gerwin-launisch@anymail.none;22.08.2019;m
742;Simperta;Naumann;05.06.1906;86637;Wertingen;;s_naumann@quickmail.none;28.11.2020;w
743;Betti;Wernecke;17.07.1940;84168;Aham;08744/2777260;betti-wernecke@private.none;19.05.2019;w
744;Abraham;Claassen;06.08.1931;67586;Hillesheim;06733/30979770;abraham_1931@goggle-mail.none;09.09.2019;m
745;Paulina;Trinkl;11.06.1976;84367;Zeilarn;08572/49133700;;21.07.2019;w
746;Minna;Hajek;06.04.2005;33739;Bielefeld;;m_hajek@spam-mail.none;27.02.2019;d
747;Theo;Traber;02.02.1905;67728;Münchweiler an der Alsenz;06302/76336653;;29.03.2021;m
748;Agatha;Fuss;17.05.1913;67586;Hillesheim;06733/94350332;agatha.fuss@ultramail.none;16.08.2019;w
749;Friderika;Reif;18.07.1951;67744;Löllbach;06753/22895352;friderikareif@funmail.none;25.01.2020;w
750;Clara;Pink;16.02.1905;72411;Bodelshausen;07471/33158881;c05@bestmail.none;19.05.2019;w
751;Uto;Mössner;20.05.1982;50735;Köln;0221/3363452;uto-moessner@spam-mail.none;19.08.2019;m
752;Alois;Rolfes;21.01.2004;49832;Freren;05902/3304646;;12.06.2020;m
753;Nathanael;Selke;26.01.1931;25764;Hillgroven;04823/11569781;n_selke@domain.none;03.01.2021;m
754;Neidhard;Bill;17.01.1904;80539;München;089/37657775;neidhard-bill@kitty.none;14.01.2021;m
755;Ludger;Ruppel;04.05.2008;49832;Freren;05902/8742954;ludger.ruppel@trashmail.none;10.11.2020;m
756;Hermelinde;Heiser;14.11.1948;38462;Grafhorst;05364/9434756;h.heiser@quickmail.none;05.03.2020;w
757;Kirsten;Wiener;10.08.1916;38462;Grafhorst;05364/53185418;kirsten_1916@trashmail.none;24.04.2019;d
758;Waltrude;Rackow;11.09.1911;88361;Boms;;waltrude_1911@goggle-mail.none;01.02.2020;w
759;Gundela;Honig;02.09.2003;24626;Groß Kummerfeld;;g-honig@spam-mail.none;03.12.2020;w
760;Wunibald;Flechsig;15.03.1902;53506;Rech;;;12.10.2019;m
761;Hansjörn;Hüller;11.06.1936;72411;Bodelshausen;;hansjoernhueller@web.none;28.04.2020;m
762;Nortrud;Thierfelder;19.05.2015;17111;Sarow;03994/52079499;nortrud-thierfelder@spam-mail.none;24.03.2020;w
763;Helgrid;Bösing;03.07.1912;50735;Köln;0221/97404445;helgrid_boesing@net-mail.none;14.11.2020;w
764;Karlfried;Bull;10.10.1915;72411;Bodelshausen;;karlfried_bull@anymail.none;07.01.2021;m
765;Tabea;Eggers;20.04.2015;72411;Bodelshausen;07471/90539782;t-eggers@quickmail.none;02.09.2019;w
766;Gotthart;Eschenbach;28.02.1904;17111;Sarow;;g_04@private.none;27.11.2020;m
767;Trautlind;Grote;05.07.2017;54636;Ehlenz;06561/90568665;trautlind_grote@private.none;02.10.2020;w
768;Vroni;Reichenberger;04.09.1937;53506;Rech;02643/74131547;;31.01.2019;w
769;Heinzpeter;Gaida;29.05.1965;97258;Oberickelsheim;09842/69921006;heinzpeter.1965@net-mail.none;25.10.2020;m
770;Marietheres;Verfürth;01.09.1990;13158;Rosenthal;030/34189294;;13.10.2020;w
771;Fridoline;Senge;13.01.1904;54636;Ehlenz;06561/99756135;;22.05.2020;w
772;Lennox;Seebach;14.11.1903;24626;Groß Kummerfeld;;lennox-seebach@kitty.none;06.03.2020;m
773;Vera;Pfleiderer;02.09.1905;53506;Rech;02643/30700627;v_pfleiderer@hoster.none;18.11.2020;w
774;Friedrun;Thal;08.12.1991;17111;Sarow;;f.thal@validmail.none;30.06.2020;w
775;Aloysia;Göbel;25.01.2013;17111;Sarow;03994/31333578;aloysia_goebel@open-mail.none;03.12.2019;w
776;Nic;Beese;15.05.1936;21406;Barnstedt;04134/90820776;n_beese@live-mail.none;16.09.2019;m
777;Marena;Schunke;31.12.1967;31555;Suthfeld;;marena.schunke@spam-mail.none;19.01.2021;w
778;Hanspeter;Merle;31.07.1918;67744;Löllbach;06753/1494903;;29.03.2019;m
779;Luna;Bücher;24.06.1954;38440;Wolfsburg;05361/70819576;luna_buecher@anymail.none;30.04.2020;w
780;Elli;Redecker;27.01.2009;84168;Aham;;elli_redecker@validmail.none;12.11.2020;w
781;Bernward;Emmrich;15.05.2012;25792;Neuenkirchen;;bernward_emmrich@live-mail.none;30.04.2021;m
782;Volkwart;Laun;11.12.1905;67728;Münchweiler an der Alsenz;06302/2374938;v_laun@inter-mail.none;27.03.2019;d
783;Dagomar;Arlt;18.11.1983;21406;Barnstedt;04134/58140957;dagomar.arlt@email.none;16.01.2019;m
784;Dimitri;Kaatz;15.02.1907;67586;Hillesheim;06733/12975517;dimitrikaatz@validmail.none;30.07.2020;m
785;Juliane;Wied;08.07.2014;67744;Löllbach;06753/57149501;juliane.wied@web.none;06.01.2019;w
786;Viktor;Schäper;20.07.1938;67586;Hillesheim;06733/77478711;v_38@justmail.none;04.01.2021;m
787;Helgomar;Gerke;04.03.2021;24211;Preetz;04342/7526176;h-2021@open-mail.none;26.04.2019;m
788;Bertina;Krupp;10.11.1978;84168;Aham;08744/50437894;b.78@validmail.none;12.11.2019;w
789;Dorlis;Weinberger;24.02.1939;24211;Pohnsdorf;04342/91055804;dorlis_1939@domain.none;04.06.2021;w
790;Kathrinchen;Ehmke;06.10.2008;25926;Karlum;04662/55526285;kathrinchen.ehmke@domain.none;30.10.2020;w
791;Donatus;Menz;18.03.1993;17111;Sarow;03994/76626342;d_menz@inter-mail.none;05.03.2021;m
792;Severin;Eiben;31.07.1944;17111;Sarow;03994/31592051;severin.eiben@live-mail.none;25.12.2019;m
793;Ali;Lemcke;27.10.1924;49681;Garrel;04474/71951972;ali-lemcke@trashmail.none;01.03.2021;m
794;Karlernst;Knie;18.02.2001;50735;Köln;;karlernst_knie@email.none;12.02.2020;d
795;Edelwald;Hoven;06.12.1957;97258;Oberickelsheim;09842/56837627;edelwald_hoven@email.none;21.04.2019;m
796;Freimut;Franck;11.07.1968;72411;Bodelshausen;;;25.01.2020;m
797;Dorith;Rupprecht;07.03.1973;25926;Karlum;04662/5881701;drupprecht@justmail.none;05.09.2019;w
798;Kunibert;Haberland;20.08.1986;49681;Garrel;04474/28829006;k.haberland@xyz.none;07.03.2021;m
799;Sylke;Lang;14.03.1965;84168;Aham;08744/25484249;s_lang@company.none;25.03.2021;d
800;Otthart;Boll;22.06.1961;25764;Hillgroven;04823/17294186;otthartboll@goggle-mail.none;09.02.2020;m
801;Raik;Wehnert;09.10.1977;24626;Groß Kummerfeld;04328/8217274;raik.wehnert@ultramail.none;14.01.2019;m
802;Claas;Will;11.01.1976;21521;Wohltorf;04104/26075032;;19.06.2021;m
803;Hilda;Angermann;15.05.1921;88361;Boms;07581/16246554;hilda_21@xyz.none;26.12.2020;w
804;Ottobert;Gesell;11.02.1909;55469;Rayerschied;06761/17930418;ottobert-gesell@live-mail.none;19.03.2020;m
805;Wolfeckart;Göpel;15.06.1974;21406;Barnstedt;04134/36672486;wolfeckart_goepel@xyz.none;10.07.2020;m
806;Edith;Leinen;13.06.1984;88361;Boms;07581/92136542;;24.02.2020;w
807;Pascal;Heubeck;30.01.1914;53506;Rech;;pascal_heubeck@company.none;17.02.2021;m
808;Ricarda;Wienke;25.09.1931;13158;Rosenthal;;rwienke@funmail.none;29.09.2020;d
809;Karlernst;Melchert;19.03.1927;17111;Sarow;03994/84337590;karlernstmelchert@xyz.none;18.01.2021;m
810;Conner;Cordts;05.04.1983;99428;Weimar;03643/50704557;connercordts@validmail.none;09.09.2020;m
811;Wendelgard;Bender;30.12.2006;38440;Wolfsburg;05361/47208053;wendelgard_bender@quickmail.none;08.05.2019;w
812;Gottfrieda;Straube;10.08.1905;99428;Weimar;;;10.10.2020;w
813;Gernfried;Bergner;10.10.1994;54636;Ehlenz;;;24.01.2020;m
814;Tobias;Kamphausen;20.10.1976;13158;Rosenthal;030/59595145;t-kamphausen@mymail.none;09.11.2020;m
815;Herwiga;Stütz;13.10.1963;21521;Wohltorf;04104/3685620;herwigastuetz@bestmail.none;22.02.2019;d
816;Michl;Hergert;01.02.1985;49196;Bad Laer;;michl_hergert@bestmail.none;09.12.2019;m
817;Bruno;Glawe;13.03.1908;21406;Barnstedt;;b-glawe@funmail.none;25.10.2020;m
818;Ortfried;Blöchl;21.09.2003;53506;Rech;02643/7750164;ortfriedbloechl@bestmail.none;16.11.2020;m
819;Rosalie;Warning;15.12.1948;17111;Sarow;03994/13155670;;23.01.2021;d
820;Imke;Lenhard;09.11.1969;54636;Ehlenz;06561/34203239;imke.lenhard@xyz.none;22.12.2020;w
821;Rico;Aßmann;21.02.1916;55469;Rayerschied;06761/61288373;rico-16@spam-mail.none;21.08.2019;m
822;Giselbert;Lüning;27.09.2003;24626;Groß Kummerfeld;;giselbert-luening@trashmail.none;15.07.2020;m
823;Friedhardt;Endres;22.09.1920;38440;Wolfsburg;05361/73526441;friedhardt_endres@funmail.none;02.07.2019;d
824;Boto;Matthias;25.05.1969;17111;Sarow;03994/57450944;bmatthias@domain.none;23.01.2021;m
825;Roselette;Spahr;25.05.1959;17111;Sarow;03994/45095808;roselette_1959@ultramail.none;22.01.2019;w
826;Trautlind;Kubiak;07.03.1971;49832;Freren;;trautlind-kubiak@retromail.none;10.03.2021;w
827;Catrin;Freudenberger;27.05.1951;54578;Berndorf;06593/70315458;catrinfreudenberger@goggle-mail.none;01.10.2019;w
828;Florentin;Collet;15.03.1975;21521;Wohltorf;04104/21828241;;10.07.2019;m
829;Thurid;Flores;11.09.1905;88361;Boms;07581/2354704;thurid_flores@domain.none;24.09.2019;d
830;Birkhild;Hempel;08.07.1991;86692;Münster;08276/8376758;birkhild.hempel@mymail.none;01.12.2020;w
831;Dietmute;Knaack;29.03.1967;97258;Oberickelsheim;09842/94716637;;28.04.2021;w
832;Justin;Rey;25.03.1983;67586;Hillesheim;;justin-1983@justmail.none;28.04.2020;m
833;Lisa;Schaupp;05.05.1994;72411;Bodelshausen;07471/1762447;lisa_schaupp@justmail.none;03.05.2021;w
834;Vanessa;Leo;13.05.1964;38462;Grafhorst;05364/71224820;vanessa-leo@goggle-mail.none;07.08.2020;w
835;Meike;Gerdes;06.02.1999;24211;Pohnsdorf;;meike-gerdes@web.none;10.09.2020;w
836;Kay;Ziesche;31.10.1942;55471;Reich;06761/81857375;kay_42@email.none;13.05.2019;m
837;Beat;Waldenmaier;04.03.1933;67586;Hillesheim;06733/93382548;bwaldenmaier@company.none;05.01.2019;m
838;Stephanus;Hähnel;06.09.2018;54636;Ehlenz;06561/4155557;stephanushaehnel@xyz.none;24.05.2020;m
839;Paulfried;Höh;06.05.1908;13158;Rosenthal;030/1503465;paulfried-hoeh@private.none;30.05.2020;m
840;Annelene;Neis;13.12.1945;84367;Zeilarn;08572/13779411;annelene.neis@xyz.none;20.12.2020;w
841;Einhard;Sönnichsen;24.08.2009;84367;Zeilarn;08572/7366273;einhard_soennichsen@domain.none;03.12.2020;m
842;Therese;Abel;09.09.1921;49681;Garrel;;;26.05.2021;d
843;Hildelind;Höft;16.06.1972;99428;Weimar;03643/53218939;hildelindhoeft@ultramail.none;10.08.2019;w
844;Leopold;Diegel;18.10.1968;72294;Grömbach;07453/77687599;l.68@email.none;07.05.2019;m
845;Herlind;Wutz;11.03.1916;67586;Hillesheim;06733/65665840;;10.10.2020;w
846;Ignatia;Niemeier;06.03.1949;53506;Rech;02643/61200419;ignatia-niemeier@kitty.none;09.11.2019;w
847;Elsa;Schauerte;15.09.1956;21521;Wohltorf;04104/28793366;;31.12.2019;w
848;Cuno;Majer;26.12.1952;67586;Hillesheim;;cuno_majer@net-mail.none;25.06.2019;d
849;Hieronimus;Dallmann;10.01.1916;34266;Niestetal;05605/73339250;hieronimus-dallmann@inter-mail.none;07.08.2020;m
850;Elli;Weinand;23.07.2013;54636;Ehlenz;06561/20944766;elli13@domain.none;01.03.2021;w
851;Ferhard;Hutterer;05.09.1918;25764;Hillgroven;04823/22829183;f_hutterer@spam-mail.none;29.07.2020;m
852;Antonius;Pech;13.12.1909;49832;Freren;05902/87250154;antonius-09@bestmail.none;04.09.2019;m
853;Madeleine;Dinger;04.07.1947;88361;Boms;07581/31080456;mdinger@funmail.none;11.03.2019;w
854;Engelbert;Kempter;16.12.2014;17111;Sarow;03994/58879141;e.kempter@web.none;26.03.2020;m
855;Mirja;Schicht;04.04.1986;73265;Dettingen unter Teck;07021/48229746;mirja-86@anymail.none;24.05.2021;w
856;Eitelfritz;Aschenbach;09.12.1946;67744;Löllbach;06753/66056356;easchenbach@bestmail.none;04.12.2020;m
857;Franziskus;Rödel;14.03.1995;45476;Mülheim an der Ruhr;0208/4113622;;25.09.2020;m
858;Chantale;Hettwer;09.06.1954;24211;Pohnsdorf;04342/77880690;;25.02.2021;w
859;Ulfrida;Landgraf;27.12.1903;72294;Grömbach;07453/84606293;ulfridalandgraf@anymail.none;21.09.2019;d
860;Meinrad;Bayer;02.02.1998;49832;Freren;05902/73846625;meinrad-bayer@web.none;05.06.2019;d
861;Volkwart;Hettwer;07.06.1994;13158;Rosenthal;;volkwart1994@trashmail.none;14.04.2021;m
862;Cathrin;Giebel;03.11.2013;67744;Löllbach;06753/21002940;c_giebel@validmail.none;09.01.2021;w
863;Niklas;Salzer;28.02.2010;97258;Oberickelsheim;09842/65637022;n_10@web.none;22.06.2019;m
864;Melina;Holste;20.11.1984;54636;Ehlenz;06561/24786024;melina_holste@anymail.none;09.11.2019;w
865;Irmelie;Rusche;09.08.1926;13158;Rosenthal;030/73595212;i-rusche@retromail.none;06.02.2020;w
866;Wieghart;Zott;09.06.1988;13158;Rosenthal;030/98945938;w88@live-mail.none;17.03.2021;d
867;Bernhilde;Foerster;27.09.1932;38462;Grafhorst;;bernhilde.1932@kitty.none;09.10.2020;w
868;Harribert;Riester;29.10.1905;33739;Bielefeld;0521/17052172;;31.05.2019;m
869;Marbod;Garner;07.07.1917;38440;Wolfsburg;05361/93803793;;17.10.2020;d
870;Lennard;Ferdinand;16.03.1939;38462;Grafhorst;05364/54251522;lennardferdinand@spam-mail.none;23.10.2019;m
871;Freddy;Piller;28.10.1944;49832;Freren;05902/27986187;fpiller@mymail.none;03.01.2019;d
872;Achaz;Rieder;04.02.2018;49681;Garrel;;;31.07.2020;m
873;Lise;Creutz;16.06.1960;25792;Neuenkirchen;04837/90341503;lise60@justmail.none;25.02.2021;d
874;Franzi;Blume;26.12.1991;25764;Hillgroven;;f-blume@mymail.none;06.05.2021;w
875;Giselbert;Pierce;11.12.1924;67728;Münchweiler an der Alsenz;06302/45005653;gpierce@validmail.none;17.08.2019;m
876;Lisl;Denker;02.01.1918;55469;Rayerschied;06761/40496834;l_denker@goggle-mail.none;10.04.2021;w
877;Benedicta;Höpfner;26.12.1918;82031;Grünwald;;b1918@xyz.none;10.12.2019;w
878;Renald;Freund;31.05.1937;53506;Rech;02643/85308101;renald.freund@mymail.none;08.12.2019;m
879;Wiegand;Reiser;19.06.1992;84367;Zeilarn;08572/37962648;wiegand-reiser@email.none;25.05.2020;m
880;Liebhard;Fuerst;30.04.1921;84168;Aham;;l-21@justmail.none;09.12.2019;d
881;Ireneus;Helbing;17.01.1918;33739;Bielefeld;0521/68495561;ireneus.helbing@email.none;13.07.2020;m
882;Dominik;Remondis;27.08.2003;67728;Münchweiler an der Alsenz;06302/10159159;;02.05.2021;m
883;Borromäus;Boy;12.01.1965;97258;Oberickelsheim;;b_boy@private.none;11.04.2021;m
884;Hanshelmut;Gödecke;20.05.2001;88361;Boms;07581/11168533;hanshelmut_goedecke@trashmail.none;08.06.2020;m
885;Edelgard;Kolbeck;22.09.1944;21521;Wohltorf;04104/92107955;ekolbeck@validmail.none;22.05.2020;w
886;Sieghild;Colak;14.05.2000;24211;Preetz;04342/1539099;scolak@bestmail.none;09.02.2019;w
887;Laurenz;Olbrich;29.10.2006;25926;Karlum;04662/80979120;laurenz.2006@company.none;22.09.2019;m
888;Nele;Stegner;17.07.2015;72294;Grömbach;07453/79448662;nele-stegner@justmail.none;29.04.2021;d
889;Edwin;Breit;10.07.1978;72294;Grömbach;07453/64450663;edwinbreit@live-mail.none;18.05.2021;m
890;Thusnelda;Kammer;01.03.1918;84168;Aham;08744/85699696;thusnelda-kammer@live-mail.none;20.05.2020;w
891;Jörn;Sandig;08.09.1987;24211;Pohnsdorf;04342/28345475;j.87@private.none;22.12.2020;m
892;Evamarie;Eicher;13.02.1973;55469;Rayerschied;06761/44120554;evamarieeicher@funmail.none;10.03.2019;w
893;Denis;Schlereth;07.10.1941;24975;Hürup;;denis-1941@validmail.none;28.02.2021;m
894;Gretl;Gollwitzer;08.01.1942;53506;Rech;02643/33665141;;16.10.2020;w
895;Isbert;Johnson;30.06.1975;84367;Zeilarn;;isbert-johnson@email.none;25.02.2020;m
896;Aloysia;Neher;21.10.1958;54636;Ehlenz;06561/64310950;a58@open-mail.none;17.06.2020;w
897;Filippina;Joosten;20.05.1968;49681;Garrel;04474/77258799;f.joosten@retromail.none;07.11.2019;w
898;Lotta;Graner;16.01.1927;67744;Löllbach;06753/29754702;lotta-graner@mymail.none;25.06.2021;w
899;Lona;Heidenreich;14.02.1977;72411;Bodelshausen;07471/75137856;lona.heidenreich@spam-mail.none;06.07.2020;w
900;Edelmut;Borcherding;21.10.2015;24211;Pohnsdorf;04342/37090198;edelmut-2015@hoster.none;10.02.2021;m
901;Elselore;Schuhmacher;29.11.1929;24626;Groß Kummerfeld;04328/3739871;;01.02.2019;w
902;Margit;Wendler;28.11.1906;67586;Hillesheim;06733/38805550;margit-wendler@xyz.none;11.06.2019;w
903;Reinwald;Gröger;04.05.1929;72411;Bodelshausen;07471/55779840;reinwald_1929@quickmail.none;28.05.2019;m
904;Minna;Aichele;10.06.1956;25764;Hillgroven;04823/62874302;minna_aichele@spam-mail.none;05.04.2019;w
905;Adolfa;Rang;07.06.1940;67744;Löllbach;06753/86095869;a-rang@open-mail.none;08.02.2019;w
906;Ingbert;Herzberger;14.01.1919;86637;Wertingen;;ingbert_herzberger@trashmail.none;29.01.2019;m
907;Gerdhilde;Willner;17.07.1992;74243;Langenbrettach;07139/81119115;g-willner@company.none;27.01.2019;d
908;Emmely;Welsch;18.04.1955;24211;Pohnsdorf;04342/74256982;emmely-welsch@xyz.none;21.07.2020;w
909;Sofie;Blenk;22.05.1991;38462;Grafhorst;05364/36230450;sblenk@domain.none;14.04.2021;w
910;Stephanus;Gattermann;09.03.1968;50735;Köln;0221/50968457;s.gattermann@quickmail.none;02.08.2019;m
911;Arist;Lamm;10.12.1921;21521;Wohltorf;;arist.lamm@domain.none;07.03.2021;m
912;Elfriede;Sprick;29.03.1936;38462;Grafhorst;05364/46652150;elfriedesprick@domain.none;23.05.2020;w
913;Ottomar;Jacoby;02.10.1910;34266;Niestetal;05605/17501506;;09.09.2019;m
914;Hansjörg;Helwig;05.09.1999;34266;Niestetal;05605/40018943;h.helwig@xyz.none;08.07.2019;m
915;Hilar;Maass;01.12.1959;67744;Löllbach;;hilar_maass@retromail.none;26.06.2019;m
916;Frowin;Thal;22.06.1978;49681;Garrel;04474/1378817;;08.09.2020;m
917;Paulfried;Funken;31.12.1942;24211;Pohnsdorf;04342/58071894;paulfried.funken@validmail.none;23.11.2019;m
918;Annedore;Cornelius;26.03.1963;67586;Hillesheim;;annedore1963@inter-mail.none;18.06.2019;w
919;Emmi;Janka;19.03.2008;54636;Ehlenz;06561/29606996;emmi-janka@validmail.none;12.07.2019;w
920;Hildmar;Göritz;01.07.1965;38462;Grafhorst;05364/84134076;hildmar.goeritz@funmail.none;13.01.2019;m
921;Herlinde;Seebacher;19.05.1964;53506;Rech;;herlinde_seebacher@private.none;20.03.2021;w
922;Wilbert;Demirel;03.04.1962;34266;Niestetal;05605/18931638;wdemirel@quickmail.none;05.09.2020;m
923;Sören;McKinney;15.10.1997;50735;Köln;0221/50172470;soeren_mckinney@inter-mail.none;19.10.2019;m
924;Manuela;Arntz;25.06.1925;80539;München;089/63066550;m_arntz@live-mail.none;13.05.2019;w
925;Baptist;Schaeffer;23.01.2020;25764;Hillgroven;04823/95961982;baptist.20@retromail.none;21.08.2019;m
926;Anica;Reetz;15.04.1960;13158;Rosenthal;030/30790349;anica-reetz@validmail.none;16.05.2020;w
927;Emily;Hasenstab;08.02.1964;50735;Köln;0221/18901242;emily-64@live-mail.none;26.02.2021;w
928;Bertold;Belz;08.08.1985;21406;Barnstedt;04134/32307256;bertold1985@spam-mail.none;16.03.2020;m
929;Elena;Knecht;19.04.1961;25764;Hillgroven;04823/6569252;elena-knecht@ultramail.none;29.04.2020;w
930;Johann;Wassmann;03.02.1990;72411;Bodelshausen;07471/46926813;johann-wassmann@kitty.none;25.06.2019;m
931;Norfried;Pöschel;07.10.2003;53506;Rech;;norfried_poeschel@xyz.none;04.07.2019;m
932;Gudrun;Böhling;20.03.1970;53506;Rech;02643/23048616;gudrun.boehling@goggle-mail.none;06.07.2020;w
933;Hadubert;Kipper;26.01.1989;54636;Ehlenz;;hadubertkipper@ultramail.none;31.01.2021;m
934;Lewin;Fieseler;27.05.1940;84168;Aham;;lewinfieseler@bestmail.none;28.04.2019;d
935;Mira;Rauer;09.02.1928;53506;Rech;02643/6130878;mira.1928@retromail.none;28.09.2019;w
936;Hieronymus;Weinbrenner;24.01.1966;54636;Ehlenz;;hieronymus-weinbrenner@anymail.none;05.07.2019;m
937;Jutta;Wende;28.10.1947;24211;Pohnsdorf;;jwende@spam-mail.none;09.08.2020;w
938;Leona;Sparks;12.04.2015;67744;Löllbach;06753/41043811;;21.02.2021;w
939;Traugott;Weinreich;30.03.1932;34266;Niestetal;;;30.03.2019;m
940;Wendelgard;Unkelbach;31.05.1912;34266;Niestetal;05605/11530300;wendelgard_unkelbach@anymail.none;17.05.2021;w
941;Lise;Weimer;25.02.1960;17111;Sarow;03994/95055984;liseweimer@bestmail.none;21.10.2019;d
942;Berthold;Edler;17.04.1984;84367;Zeilarn;08572/42233713;bertholdedler@web.none;11.06.2021;m
943;Eckehart;Brüggemann;29.04.1947;24626;Groß Kummerfeld;04328/87743110;eckehart.brueggemann@email.none;21.09.2020;m
944;Valentina;Götsch;02.11.1930;97258;Oberickelsheim;09842/71769025;v_goetsch@private.none;01.08.2020;w
945;Heidi;Rubin;28.02.1916;38729;Hahausen;05383/7067256;heidi-rubin@inter-mail.none;22.03.2019;w
946;Oskar;Wassmann;07.02.1958;33739;Bielefeld;0521/1529706;oskarwassmann@ultramail.none;04.03.2021;m
947;Rebekka;Bauernfeind;05.07.1925;13158;Rosenthal;030/4278147;rebekka25@net-mail.none;20.12.2019;w
948;Ehrhardt;Bennewitz;09.03.1962;38440;Wolfsburg;05361/84340465;e-1962@inter-mail.none;08.05.2020;d
949;Gretl;Eilts;06.04.1988;25764;Hillgroven;;g-eilts@inter-mail.none;04.07.2019;w
950;Iris;Thompson;18.09.1930;49196;Bad Laer;05424/40506050;iris.thompson@private.none;06.09.2020;w
951;Maritta;Baumstark;28.07.1948;24211;Pohnsdorf;04342/84446856;maritta-baumstark@spam-mail.none;03.06.2021;w
952;Friedlind;Friese;27.09.1954;24211;Pohnsdorf;04342/76876142;friedlind_friese@hoster.none;23.10.2019;w
953;Lisa;Flick;29.05.1902;97258;Oberickelsheim;09842/36468011;lisaflick@email.none;22.04.2021;w
954;Ullrich;Guhl;11.07.1923;24975;Hürup;04634/64043698;ullrich1923@anymail.none;15.02.2019;m
955;Karena;Thalhammer;14.08.2000;55471;Reich;06761/64727297;karenathalhammer@hoster.none;29.05.2021;w
956;Gunter;Martel;27.04.1980;50735;Köln;0221/78682597;guntermartel@domain.none;13.07.2019;m
957;Friedegund;Wilkes;17.04.1912;99428;Weimar;03643/68447372;;28.06.2019;w
958;Sigune;Göttert;15.03.1909;38440;Wolfsburg;05361/56592184;sigune-1909@justmail.none;13.02.2019;w
959;Sonnfried;Büchele;08.03.1904;88361;Boms;07581/63189751;s.buechele@web.none;03.10.2019;m
960;Kaya;Nix;14.09.1941;21521;Wohltorf;04104/65151699;kayanix@goggle-mail.none;24.06.2019;w
961;Regina;Hussein;07.10.2002;24211;Pohnsdorf;04342/36363734;reginahussein@inter-mail.none;03.06.2019;w
962;Telse;Hermsen;09.02.1990;72294;Grömbach;07453/63183369;telse.hermsen@company.none;11.02.2020;w
963;Tim;Ebbing;04.01.2008;54636;Ehlenz;06561/70486340;tim_2008@ultramail.none;12.03.2019;m
964;Neithard;Deters;14.09.1911;21521;Wohltorf;04104/9654365;n_deters@retromail.none;18.02.2020;m
965;Rieke;Jaekel;12.12.1967;24626;Groß Kummerfeld;04328/97501224;rieke_jaekel@funmail.none;07.04.2020;w
966;Franzi;Weigelt;29.05.2010;21406;Barnstedt;04134/61702902;f10@ultramail.none;03.06.2021;w
967;Jacqueline;Schalk;23.08.2006;49681;Garrel;04474/87428007;jschalk@mymail.none;21.12.2019;w
968;Rilana;Kliche;25.12.1991;38440;Wolfsburg;05361/69393762;r_kliche@email.none;16.02.2019;w
969;Marie;Strutz;01.01.1941;67586;Hillesheim;;mariestrutz@private.none;10.10.2020;w
970;Ursel;Heublein;07.04.1919;34266;Niestetal;05605/32116008;ursel.heublein@mymail.none;31.10.2019;w
971;Siegbritta;Bartosch;17.04.1917;84168;Aham;;siegbrittabartosch@kitty.none;04.09.2019;w
972;Annedörte;Brink;22.02.1911;88361;Boms;07581/23749300;annedoerte-brink@retromail.none;15.05.2021;w
973;Vreneli;Böcher;22.12.1980;82031;Grünwald;089/65629895;vreneli-1980@hoster.none;30.01.2019;d
974;Diethardt;Lerch;15.10.1932;97258;Oberickelsheim;09842/63892879;diethardt_32@justmail.none;11.03.2020;m
975;Heidegret;Himmler;24.07.1907;25926;Karlum;;;29.01.2020;w
976;Caren;Findeisen;17.05.1976;54636;Ehlenz;06561/91752530;caren-findeisen@domain.none;10.07.2020;w
977;Justin;Hines;03.01.1987;72294;Grömbach;07453/82493745;;13.02.2020;m
978;Giselind;Kraft;25.09.1908;67744;Löllbach;06753/607640;gkraft@private.none;03.02.2021;w
979;Phillip;Riebel;09.09.1992;21521;Wohltorf;04104/42420976;phillip-riebel@inter-mail.none;13.10.2020;m
980;Marielies;Flieger;24.07.2007;49681;Garrel;04474/10448121;;14.04.2019;w
981;Annekathrin;Witting;07.09.1965;67586;Hillesheim;06733/68637611;annekathrin_witting@spam-mail.none;20.05.2019;w
982;Wigand;Claus;01.01.1941;72294;Grömbach;;;23.01.2020;m
983;Diethart;Ates;30.05.1923;21406;Barnstedt;04134/6367180;diethart.ates@goggle-mail.none;21.01.2019;m
984;Eleonore;Förster;31.01.1931;54636;Ehlenz;06561/58322874;eleonore-31@trashmail.none;27.11.2020;d
985;Manja;Wilhelmi;29.11.1993;25764;Hillgroven;04823/24803150;;05.07.2020;w
986;Nadine;Nestler;11.11.1959;49832;Freren;05902/87035057;nadine.nestler@validmail.none;30.04.2020;w
987;Konstanze;Maciejewski;06.03.1952;67728;Münchweiler an der Alsenz;06302/43535572;kmaciejewski@ultramail.none;02.04.2021;w
988;Evelyn;Timm;13.02.1977;25926;Karlum;04662/8530612;evelyn-timm@net-mail.none;12.08.2019;d
989;Christian;Mollenhauer;20.06.1911;21406;Barnstedt;04134/30055063;c-mollenhauer@web.none;13.12.2019;m
990;Sigbert;Jungmann;15.08.1953;38729;Hahausen;05383/19002797;sigbert.1953@net-mail.none;29.01.2020;m
991;Manuel;Grieshaber;28.04.1989;55469;Rayerschied;06761/29016301;manuel_89@validmail.none;28.12.2020;m
992;Ekkart;Gottschlich;10.08.1934;88361;Boms;07581/28668503;ekkart-gottschlich@anymail.none;24.08.2020;m
993;Karl;Stolzenburg;08.04.1919;80539;München;089/88778162;k.1919@xyz.none;08.09.2020;d
994;Gunter;Heitzer;20.07.1958;67586;Hillesheim;06733/12257025;;01.05.2019;m
995;Giesbert;Limburg;29.07.1935;55469;Rayerschied;06761/70313978;g-limburg@email.none;26.02.2021;m
996;Abraham;Aichele;11.07.2017;84367;Zeilarn;08572/38310342;abraham-aichele@xyz.none;24.02.2019;d
997;Gesine;Ahlert;09.11.2014;72294;Grömbach;07453/53286249;gesineahlert@kitty.none;13.01.2021;w
998;Daphne;Büning;13.12.1909;88361;Boms;07581/74729892;daphne.buening@private.none;21.02.2019;w
999;Berit;Collier;14.01.1975;38440;Wolfsburg;05361/63591261;berit_collier@net-mail.none;12.03.2020;w
1000;Merlinde;Schlotter;14.12.1929;67586;Hillesheim;;;01.06.2020;w
